id,neighbourhood_group,neighbourhood,latitude,longitude,room_type,price,minimum_nights,number_of_reviews,last_review,reviews_per_month,calculated_host_listings_count,availability_365,number_of_reviews_ltm,license
668782753074319290,Brooklyn,Bedford-Stuyvesant,40.68168,-73.9417,Entire home/apt,251.0,1.0,165.0,2025-09-15,4.26,6.0,82.0,42.0,Exempt
1434454881983005436,Manhattan,Upper West Side,40.783705421260024,-73.98223422554489,Entire home/apt,142.0,30.0,0.0,,0.0,2.0,289.0,0.0,
18583467,Manhattan,Washington Heights,40.83767,-73.94203,Private room,86.0,30.0,224.0,2023-08-27,2.2,1.0,335.0,0.0,
1482977174663447617,Manhattan,Upper West Side,40.7831585,-73.97370529999999,Entire home/apt,263.0,30.0,0.0,,0.0,239.0,330.0,0.0,
928790352113580226,Manhattan,Lower East Side,40.71947936430431,-73.98474169695892,Entire home/apt,540.0,30.0,1.0,2023-10-15,0.04,1.0,291.0,0.0,
1153517334106910814,Brooklyn,Bedford-Stuyvesant,40.69990445042211,-73.94054954335367,Private room,68.0,30.0,0.0,,0.0,32.0,364.0,0.0,
1007250126684081182,Bronx,Castle Hill,40.815122794048555,-73.85145330352945,Private room,200.0,1.0,0.0,,0.0,1.0,269.0,0.0,OSE-STRREG-0000763
47045396,Manhattan,Chinatown,40.71841,-73.99573,Entire home/apt,200.0,15.0,20.0,2025-08-25,0.76,48.0,74.0,12.0,Exempt
1406028785737107413,Manhattan,Midtown,40.75347,-73.96678,Entire home/apt,1000.0,30.0,1.0,2025-06-28,0.31,2.0,358.0,1.0,
1176740268467522249,Manhattan,Murray Hill,40.74814,-73.97749,Entire home/apt,110.0,30.0,0.0,,0.0,184.0,260.0,0.0,
50873910,Manhattan,Lower East Side,40.7227,-73.99305,Entire home/apt,526.0,1.0,316.0,2025-09-16,6.2,12.0,361.0,28.0,Exempt
89427,Brooklyn,Clinton Hill,40.68513,-73.96648,Entire home/apt,800.0,30.0,0.0,,0.0,3.0,358.0,0.0,
10710179,Manhattan,East Village,40.72809,-73.98171,Private room,174.0,3.0,210.0,2025-09-17,1.81,1.0,156.0,24.0,OSE-STRREG-0000491
42402259,Brooklyn,East Flatbush,40.65597,-73.91668,Shared room,56.0,30.0,12.0,2024-07-31,0.19,9.0,270.0,0.0,
1121109933201164759,Manhattan,Midtown,40.75388500449188,-73.97224253646027,Hotel room,50000.0,1.0,1.0,2025-07-13,0.37,158.0,246.0,1.0,Exempt
1490754687993494777,Manhattan,Upper West Side,40.7831585,-73.97370529999999,Entire home/apt,115.0,30.0,0.0,,0.0,239.0,335.0,0.0,
1072441700199654943,Queens,St. Albans,40.69342857628107,-73.75859224868776,Entire home/apt,104.0,30.0,0.0,,0.0,1.0,365.0,0.0,
677481616825247069,Queens,Breezy Point,40.56807,-73.86946,Private room,180.0,30.0,9.0,2023-08-06,0.23,5.0,364.0,0.0,
934510577919777737,Manhattan,East Village,40.730657,-73.988651,Entire home/apt,438.0,31.0,0.0,,0.0,1148.0,286.0,0.0,
1344968633461946766,Manhattan,Greenwich Village,40.7318752,-73.9998973,Entire home/apt,68.0,30.0,1.0,2025-06-01,0.24,184.0,226.0,1.0,
603145399437635044,Manhattan,Kips Bay,40.7451,-73.9769,Private room,270.0,30.0,0.0,,0.0,7.0,365.0,0.0,
787900887666890786,Bronx,Morris Heights,40.8516481,-73.9207176,Private room,30.0,30.0,17.0,2023-11-06,0.5,2.0,219.0,0.0,
1102291576008942700,Manhattan,Upper West Side,40.80329,-73.96772,Private room,79.0,30.0,0.0,,0.0,26.0,211.0,0.0,
1480586909742260916,Manhattan,Harlem,40.799440219657626,-73.95435971731104,Shared room,32.0,30.0,0.0,,0.0,15.0,304.0,0.0,
42195148,Manhattan,Kips Bay,40.73984909057617,-73.98014831542969,Entire home/apt,393.0,30.0,8.0,2024-08-11,0.12,241.0,287.0,0.0,
51277612,Brooklyn,Bedford-Stuyvesant,40.69458,-73.9318,Private room,41.0,30.0,1.0,2025-04-01,0.16,567.0,365.0,1.0,
653261449256633043,Queens,Elmhurst,40.74384596941427,-73.87761675299666,Private room,76.0,30.0,8.0,2025-08-20,0.21,150.0,332.0,1.0,
976288891069593330,Queens,Corona,40.74776,-73.86344,Shared room,71.0,1.0,57.0,2025-09-24,2.27,4.0,361.0,23.0,OSE-STRREG-0000437
45368990,Queens,St. Albans,40.70603,-73.75126,Entire home/apt,141.0,30.0,23.0,2022-02-27,0.41,1.0,270.0,0.0,
51265152,Brooklyn,East Flatbush,40.66148,-73.92112,Entire home/apt,96.0,30.0,41.0,2023-03-12,0.81,1.0,309.0,0.0,
899130967249343832,Queens,Ditmars Steinway,40.7697538,-73.8914549,Entire home/apt,80.0,30.0,17.0,2023-10-21,0.6,1.0,71.0,0.0,
3283409,Brooklyn,Bedford-Stuyvesant,40.68752,-73.92381,Entire home/apt,195.0,30.0,193.0,2023-11-05,1.43,1.0,179.0,0.0,
766139255133320100,Manhattan,East Village,40.728,-73.98804,Entire home/apt,150.0,30.0,0.0,,0.0,23.0,291.0,0.0,
1491075962221939769,Manhattan,Chelsea,40.74848,-74.00015,Private room,79.0,1.0,0.0,,0.0,31.0,289.0,0.0,Exempt
776685513171440422,Bronx,Melrose,40.81865063405796,-73.91722607060976,Entire home/apt,69.0,30.0,7.0,2025-06-08,0.25,2.0,132.0,2.0,
2404708,Brooklyn,Williamsburg,40.72172,-73.96155,Entire home/apt,160.0,30.0,22.0,2021-01-31,0.16,1.0,146.0,0.0,
3987571,Brooklyn,Bedford-Stuyvesant,40.6808437012852,-73.94862123192603,Private room,155.0,2.0,440.0,2025-09-16,3.27,1.0,300.0,29.0,OSE-STRREG-0001821
25033659,Brooklyn,East New York,40.67214203206526,-73.87629753640638,Shared room,212.0,5.0,74.0,2025-09-30,0.83,1.0,318.0,22.0,OSE-STRREG-0001793
848015889649001582,Queens,Elmhurst,40.72812,-73.87551,Private room,52.0,30.0,2.0,2023-08-06,0.07,256.0,30.0,0.0,
1062506366862556498,Manhattan,Midtown,40.74579327753715,-73.9836282782959,Entire home/apt,743.0,3.0,50.0,2025-09-30,2.45,1.0,137.0,36.0,Exempt
1016790707893219410,Brooklyn,Crown Heights,40.67689901676646,-73.95681633510371,Private room,133.0,30.0,0.0,,0.0,1.0,364.0,0.0,
1147147744047523134,Manhattan,Upper East Side,40.77158414982452,-73.95884212812945,Entire home/apt,233.0,30.0,0.0,,0.0,91.0,363.0,0.0,
1094581406003955735,Manhattan,Lower East Side,40.71993,-73.98368,Entire home/apt,135.0,30.0,6.0,2025-07-31,0.34,1.0,117.0,4.0,
726026082789429635,Queens,Rockaway Beach,40.58971721283795,-73.81325945464373,Entire home/apt,113.0,30.0,2.0,2022-10-09,0.05,5.0,365.0,0.0,
9720768,Manhattan,Theater District,40.7592,-73.98533,Private room,77.0,30.0,175.0,2025-08-30,1.47,5.0,286.0,1.0,
1279691717688251905,Manhattan,Theater District,40.757846246937646,-73.98372307027294,Private room,702.0,1.0,0.0,,0.0,8.0,105.0,0.0,Exempt
1212893880121060294,Manhattan,Chelsea,40.75014,-73.99702,Entire home/apt,94.0,30.0,54.0,2025-09-05,3.98,36.0,99.0,45.0,Exempt
1335169829952500226,Queens,Cambria Heights,40.68583,-73.72869,Entire home/apt,100.0,30.0,1.0,2025-09-01,1.0,3.0,364.0,1.0,
863733005126162178,Queens,Ridgewood,40.7029477891808,-73.89821661565234,Entire home/apt,932.0,30.0,0.0,,0.0,8.0,269.0,0.0,
666613,Brooklyn,Williamsburg,40.71084,-73.96205,Entire home/apt,267.0,31.0,165.0,2025-03-31,1.2,1.0,183.0,1.0,
47964241,Manhattan,Upper East Side,40.77026,-73.95854,Entire home/apt,520.0,30.0,5.0,2022-10-22,0.1,91.0,365.0,0.0,
15506009,Brooklyn,Crown Heights,40.67597,-73.94566,Entire home/apt,241.0,30.0,6.0,2023-09-16,0.06,2.0,365.0,0.0,
21676677,Queens,Sunnyside,40.746,-73.9194,Entire home/apt,130.0,60.0,8.0,2024-02-04,0.11,1.0,180.0,0.0,
1064300515053828558,Manhattan,Midtown,40.7563378,-73.98221699999999,Entire home/apt,429.0,31.0,0.0,,0.0,1148.0,286.0,0.0,
693293975462498483,Brooklyn,Prospect-Lefferts Gardens,40.65827,-73.94827,Private room,38.0,30.0,0.0,,0.0,567.0,365.0,0.0,
1110997503201864450,Queens,Jamaica Hills,40.714,-73.79419,Entire home/apt,458.0,2.0,3.0,2025-04-21,0.33,1.0,332.0,3.0,OSE-STRREG-0002317
26867170,Manhattan,Midtown,40.75634,-73.98222,Entire home/apt,325.0,30.0,0.0,,0.0,2.0,173.0,0.0,
52674546,Manhattan,Harlem,40.80354,-73.95093,Entire home/apt,108.0,30.0,99.0,2025-09-23,2.12,4.0,147.0,4.0,
658366,Manhattan,Gramercy,40.7334228896557,-73.9855102558238,Entire home/apt,273.0,30.0,244.0,2025-08-09,1.57,1.0,59.0,4.0,
47944133,Queens,Fresh Meadows,40.75045,-73.78679,Private room,80.0,30.0,16.0,2024-12-31,0.29,10.0,348.0,1.0,
51454723,Brooklyn,Bay Ridge,40.63677,-74.02379,Private room,75.0,30.0,11.0,2025-03-17,0.22,3.0,335.0,1.0,
679702021882633653,Brooklyn,Flatbush,40.64444,-73.95545,Private room,81.0,30.0,10.0,2023-08-13,0.26,1.0,365.0,0.0,
8070252,Brooklyn,Flatbush,40.64475,-73.96176,Entire home/apt,195.0,30.0,10.0,2025-08-09,0.36,1.0,48.0,4.0,
1398593852112480680,Manhattan,Hell's Kitchen,40.75773,-73.99355,Entire home/apt,257.0,30.0,0.0,,0.0,1.0,38.0,0.0,
48789001,Brooklyn,Gowanus,40.66655,-73.99415,Entire home/apt,231.0,30.0,87.0,2025-08-15,1.58,2.0,202.0,4.0,
957369002885396594,Brooklyn,Williamsburg,40.7129106316981,-73.94184629224301,Private room,270.0,4.0,14.0,2025-05-03,0.7,1.0,148.0,4.0,OSE-STRREG-0000352
34596961,Brooklyn,East New York,40.67379,-73.87445,Entire home/apt,74.0,30.0,143.0,2025-08-19,1.92,1.0,290.0,3.0,
1111471727964938540,Manhattan,Theater District,40.755045354144286,-73.98706368212544,Private room,664.0,1.0,15.0,2025-08-17,0.87,6.0,253.0,9.0,Exempt
1090829533298182424,Queens,Rockaway Beach,40.5902512,-73.81215379999999,Entire home/apt,113.0,30.0,4.0,2025-05-31,0.3,2.0,150.0,3.0,
868570518187338432,Manhattan,Upper West Side,40.78969,-73.9744,Entire home/apt,393.0,31.0,0.0,,0.0,1148.0,175.0,0.0,
3507112,Bronx,Longwood,40.81182,-73.90371,Private room,59.0,30.0,11.0,2016-03-19,0.08,1.0,365.0,0.0,
854263401766388076,Manhattan,Upper West Side,40.80063995727513,-73.96294431047771,Private room,139.0,30.0,25.0,2025-07-31,0.82,4.0,46.0,2.0,
53170821,Brooklyn,Bushwick,40.69534,-73.9123,Private room,171.0,30.0,50.0,2023-12-04,1.06,1.0,365.0,0.0,
618136830609238321,Manhattan,Harlem,40.80048,-73.952858,Entire home/apt,450.0,30.0,4.0,2025-07-26,0.14,2.0,320.0,2.0,
1293526602357369979,Queens,Flushing,40.74005337962322,-73.82040203962688,Entire home/apt,200.0,30.0,0.0,,0.0,1.0,229.0,0.0,
817989481842751653,Brooklyn,Bushwick,40.70679800808917,-73.91772907171384,Private room,160.0,30.0,0.0,,0.0,1.0,365.0,0.0,
696460039951904084,Queens,Jamaica,40.67428,-73.79445,Private room,95.0,30.0,23.0,2023-09-17,0.61,5.0,365.0,0.0,
1335394864754734509,Manhattan,West Village,40.7373232,-74.0042366,Entire home/apt,743.0,31.0,0.0,,0.0,1148.0,275.0,0.0,
1418893618465652471,Queens,Howard Beach,40.6730127,-73.86058969999999,Private room,52.0,30.0,0.0,,0.0,25.0,303.0,0.0,
1352910145944563683,Manhattan,Chelsea,40.7398072643234,-74.00217341716241,Entire home/apt,235.0,30.0,5.0,2025-09-10,0.86,1.0,136.0,5.0,
37943668,Brooklyn,Prospect-Lefferts Gardens,40.65664,-73.95596,Private room,53.0,2.0,149.0,2025-09-12,2.01,1.0,208.0,32.0,OSE-STRREG-0000350
1034022739469997420,Manhattan,Midtown,40.76526144272609,-73.98231436164039,Entire home/apt,335.0,30.0,6.0,2025-08-13,0.35,6.0,301.0,3.0,
774761471642616124,Queens,Ridgewood,40.70571,-73.91447,Entire home/apt,243.0,30.0,5.0,2025-04-19,0.15,2.0,180.0,1.0,
768344399966300030,Queens,Jamaica,40.68204,-73.76798,Private room,47.0,30.0,3.0,2023-07-02,0.09,3.0,363.0,0.0,
1400440808097558846,Bronx,Soundview,40.82332,-73.87129,Entire home/apt,107.0,30.0,0.0,,0.0,1.0,178.0,0.0,
44461963,Brooklyn,Bedford-Stuyvesant,40.68531,-73.95099,Entire home/apt,307.0,30.0,163.0,2023-10-29,2.6,1.0,153.0,0.0,
47582768,Manhattan,Upper East Side,40.77198,-73.95659,Entire home/apt,228.0,30.0,11.0,2024-09-01,0.2,91.0,363.0,0.0,
772583173495353742,Manhattan,Midtown,40.74782,-73.98652,Private room,538.0,1.0,0.0,,0.0,49.0,344.0,0.0,Exempt
9351006,Brooklyn,Brownsville,40.6653,-73.91737,Private room,64.0,30.0,172.0,2024-10-08,1.44,3.0,215.0,1.0,
1138585505172289456,Manhattan,Hell's Kitchen,40.75452605298343,-73.99667019780136,Entire home/apt,224.0,30.0,0.0,,0.0,1.0,240.0,0.0,
943454489635225050,Manhattan,Upper West Side,40.789369365464886,-73.96995970924239,Entire home/apt,220.0,30.0,0.0,,0.0,13.0,240.0,0.0,
1272525324288177768,Manhattan,Upper East Side,40.7707301,-73.96173929999999,Entire home/apt,133.0,30.0,2.0,2025-05-17,0.33,138.0,0.0,2.0,
879107190027413874,Manhattan,Lower East Side,40.719297469902195,-73.99177216717547,Entire home/apt,200.0,30.0,1.0,2023-05-08,0.03,1.0,304.0,0.0,
42265787,Manhattan,Harlem,40.80111,-73.95658,Entire home/apt,276.0,30.0,25.0,2024-11-16,0.69,1.0,249.0,1.0,
984544663293142439,Manhattan,Chelsea,40.7383733,-73.9967525,Entire home/apt,610.0,31.0,0.0,,0.0,1148.0,153.0,0.0,
730574439705544433,Queens,Jamaica,40.6959,-73.81047,Private room,85.0,2.0,38.0,2025-01-27,2.04,1.0,95.0,14.0,OSE-STRREG-0001624
1437489193231265423,Queens,Queens Village,40.71406,-73.73316,Entire home/apt,103.0,30.0,0.0,,0.0,4.0,365.0,0.0,
634743259855202791,Queens,Cambria Heights,40.68494,-73.73105,Entire home/apt,78.0,30.0,21.0,2025-07-19,0.52,5.0,341.0,1.0,
648775559661516156,Brooklyn,Crown Heights,40.6777,-73.93755,Entire home/apt,416.0,30.0,69.0,2025-07-29,1.77,1.0,363.0,5.0,
793641370570289731,Brooklyn,Williamsburg,40.714463632200534,-73.9513380099022,Private room,766.0,1.0,5.0,2024-11-15,0.17,3.0,172.0,1.0,Exempt
950150663573223073,Manhattan,Financial District,40.7049014,-74.00724439999999,Entire home/apt,211.0,30.0,1.0,2023-10-09,0.04,1.0,365.0,0.0,
43509173,Brooklyn,Bushwick,40.68693,-73.91461,Entire home/apt,101.0,30.0,1.0,2023-08-13,0.04,1.0,365.0,0.0,
13246042,Brooklyn,Bushwick,40.69818,-73.92431,Private room,57.0,30.0,191.0,2025-08-31,1.69,3.0,335.0,3.0,
21274308,Brooklyn,Gowanus,40.66972,-73.99117,Entire home/apt,105.0,30.0,45.0,2024-03-24,0.47,2.0,240.0,0.0,
1305095686123663481,Manhattan,Financial District,40.71,-74.00869999999999,Entire home/apt,463.0,1.0,92.0,2025-09-21,11.45,10.0,361.0,92.0,Exempt
803488091392976613,Brooklyn,Flatbush,40.639374409923455,-73.95473800599575,Private room,60.0,30.0,18.0,2024-09-16,0.59,2.0,276.0,0.0,
769798916111101444,Brooklyn,Bedford-Stuyvesant,40.69335,-73.95407,Entire home/apt,386.0,30.0,0.0,,0.0,1.0,270.0,0.0,
6977204,Manhattan,Harlem,40.81415,-73.95067,Private room,98.0,1.0,310.0,2025-09-13,2.83,1.0,222.0,35.0,OSE-STRREG-0002102
816768813156134404,Brooklyn,Canarsie,40.65530886288491,-73.89873958370829,Private room,68.0,30.0,3.0,2023-09-04,0.11,3.0,89.0,0.0,
19844482,Brooklyn,Bushwick,40.69919,-73.91099,Private room,135.0,30.0,4.0,2021-12-12,0.08,1.0,88.0,0.0,
1084273676586833841,Queens,Springfield Gardens,40.66526897992443,-73.7694903527242,Private room,65.0,1.0,189.0,2025-09-15,9.59,2.0,354.0,102.0,OSE-STRREG-0001375
726057650522445330,Manhattan,Midtown,40.74782,-73.98652,Private room,50000.0,1.0,0.0,,0.0,49.0,0.0,0.0,Exempt
1042766424368368638,Brooklyn,East New York,40.6620288,-73.89130349999999,Entire home/apt,90.0,30.0,1.0,2025-07-31,0.48,1.0,352.0,1.0,
741203384678717076,Queens,Jamaica,40.69284,-73.80822,Private room,45.0,30.0,6.0,2023-10-03,0.17,2.0,183.0,0.0,
866409594143336866,Brooklyn,Bedford-Stuyvesant,40.6872,-73.9188,Entire home/apt,174.0,30.0,3.0,2023-05-28,0.1,10.0,365.0,0.0,
33127307,Queens,St. Albans,40.68514,-73.76958,Private room,58.0,5.0,29.0,2022-08-24,0.36,3.0,120.0,0.0,OSE-STRREG-0000158
30388587,Manhattan,Upper West Side,40.777553,-73.9834589,Entire home/apt,514.0,31.0,0.0,,0.0,1148.0,356.0,0.0,
54276494,Manhattan,Stuyvesant Town,40.73524,-73.97599,Entire home/apt,388.0,30.0,0.0,,0.0,1.0,365.0,0.0,
1408232195858594987,Manhattan,SoHo,40.72316,-74.00416,Entire home/apt,489.0,30.0,0.0,,0.0,1.0,322.0,0.0,
818123992750150461,Manhattan,Lower East Side,40.7193634,-73.985112,Entire home/apt,337.0,30.0,2.0,2024-04-02,0.07,241.0,297.0,0.0,
642617234993807538,Brooklyn,Crown Heights,40.67636,-73.95116,Entire home/apt,350.0,31.0,49.0,2025-08-20,1.22,1.0,270.0,3.0,
1342443,Queens,Sunnyside,40.74222831036079,-73.92387607437092,Private room,85.0,30.0,4.0,2025-09-02,0.66,1.0,271.0,4.0,
827798633571141179,Manhattan,Harlem,40.819454807407595,-73.95479073372253,Private room,98.0,31.0,19.0,2025-06-20,0.61,2.0,145.0,1.0,
1290488256716908443,Manhattan,Midtown,40.7580715,-73.96277479999999,Entire home/apt,369.0,31.0,0.0,,0.0,1148.0,166.0,0.0,
7381236,Brooklyn,Bedford-Stuyvesant,40.68269,-73.94207,Entire home/apt,370.0,30.0,58.0,2025-09-12,0.48,2.0,365.0,1.0,
1092928294708580275,Manhattan,Midtown,40.76482316569319,-73.98415696991356,Private room,440.0,1.0,317.0,2025-09-26,17.26,5.0,140.0,223.0,Exempt
35231916,Queens,Long Island City,40.75304,-73.92758,Private room,75.0,30.0,14.0,2025-03-10,0.18,1.0,120.0,1.0,
739834417351177521,Brooklyn,Crown Heights,40.67437,-73.91958,Private room,93.0,30.0,0.0,,0.0,4.0,62.0,0.0,
48587330,Manhattan,Midtown,40.76392,-73.97574,Private room,665.0,1.0,11.0,2025-03-17,0.2,86.0,238.0,1.0,Exempt
1102228728780529078,Brooklyn,Boerum Hill,40.68209,-73.98032,Entire home/apt,230.0,30.0,0.0,,0.0,1.0,269.0,0.0,
1208074934904626929,Manhattan,Upper East Side,40.7659072,-73.9569948,Entire home/apt,308.0,30.0,0.0,,0.0,1148.0,216.0,0.0,
751560271396048113,Manhattan,Upper West Side,40.78759,-73.98194,Entire home/apt,240.0,30.0,0.0,,0.0,1.0,269.0,0.0,
1166488176169276230,Manhattan,Midtown,40.7636605,-73.9810351,Entire home/apt,506.0,31.0,0.0,,0.0,1148.0,359.0,0.0,
1029718396636573541,Manhattan,East Harlem,40.794598713679086,-73.94452203533925,Entire home/apt,150.0,5.0,50.0,2025-09-13,2.35,2.0,26.0,28.0,Exempt
45532748,Brooklyn,Bedford-Stuyvesant,40.69461,-73.94762,Private room,446.0,30.0,60.0,2023-06-26,0.99,1.0,179.0,0.0,
52921783,Brooklyn,Williamsburg,40.7072505,-73.9399195,Private room,140.0,3.0,154.0,2025-09-16,3.24,3.0,194.0,50.0,OSE-STRREG-0000244
1266245822009648197,Manhattan,Hell's Kitchen,40.76158516518214,-73.99466292923475,Private room,300.0,30.0,1.0,2025-01-19,0.12,11.0,365.0,1.0,
1095632351915962087,Brooklyn,Williamsburg,40.720823485764676,-73.95736528025587,Hotel room,40000.0,1.0,0.0,,0.0,158.0,188.0,0.0,Exempt
1498500786539263767,Brooklyn,Bushwick,40.68884,-73.91947,Private room,55.0,30.0,0.0,,0.0,41.0,335.0,0.0,
4464508,Brooklyn,Flatbush,40.64889,-73.96501,Private room,76.0,30.0,37.0,2022-09-23,0.28,1.0,180.0,0.0,
950710025865678373,Brooklyn,Fort Greene,40.6966017,-73.9747498,Entire home/apt,208.0,30.0,0.0,,0.0,6.0,364.0,0.0,
560241529792006404,Manhattan,SoHo,40.72696867040119,-74.00026022199233,Private room,200.0,30.0,1.0,2023-07-09,0.04,5.0,89.0,0.0,
9767424,Brooklyn,Williamsburg,40.71566,-73.96195,Private room,175.0,2.0,283.0,2025-09-25,2.38,1.0,281.0,44.0,OSE-STRREG-0000771
847892495602190847,Manhattan,Washington Heights,40.8332809,-73.9394804,Private room,46.0,30.0,0.0,,0.0,14.0,306.0,0.0,
1007480104408240518,Brooklyn,Williamsburg,40.7144731,-73.9468816,Private room,160.0,30.0,0.0,,0.0,1.0,269.0,0.0,
1274943629134607784,Queens,Ozone Park,40.67517,-73.85939,Private room,41.0,30.0,2.0,2025-08-10,0.22,25.0,153.0,2.0,
54036658,Manhattan,Midtown,40.74823,-73.98825,Entire home/apt,303.0,1.0,68.0,2025-08-24,2.12,7.0,222.0,43.0,Exempt
1035961933887794067,Manhattan,Chelsea,40.74513,-73.99509,Entire home/apt,699.0,1.0,93.0,2025-09-28,4.33,1.0,74.0,49.0,Exempt
52823884,Brooklyn,Williamsburg,40.71788,-73.93775,Entire home/apt,800.0,30.0,17.0,2023-08-13,0.36,1.0,362.0,0.0,
578946747998659752,Brooklyn,Flatbush,40.642128,-73.951813,Private room,118.0,30.0,8.0,2023-11-08,0.19,2.0,365.0,0.0,
542959954217251648,Queens,Jamaica,40.68255,-73.77079,Private room,105.0,30.0,46.0,2023-11-30,1.1,1.0,365.0,0.0,
858363357004653229,Manhattan,Washington Heights,40.84958,-73.9409,Private room,49.0,30.0,2.0,2025-03-31,0.19,256.0,60.0,2.0,
8554547,Bronx,Norwood,40.87303,-73.88001,Entire home/apt,70.0,30.0,21.0,2023-12-31,0.17,1.0,365.0,0.0,
1177494948724690298,Brooklyn,Bedford-Stuyvesant,40.685761014710806,-73.95047678539105,Private room,92.0,30.0,2.0,2024-08-18,0.14,19.0,365.0,0.0,
1405988748754318086,Manhattan,Financial District,40.705275,-74.007506,Private room,20000.0,1.0,0.0,,0.0,20.0,365.0,0.0,Exempt
832521423146425469,Manhattan,Lower East Side,40.719364166259766,-73.98511505126953,Entire home/apt,348.0,30.0,3.0,2023-11-12,0.11,241.0,361.0,0.0,
903472266941997664,Manhattan,West Village,40.7330647,-74.0054821,Entire home/apt,439.0,31.0,0.0,,0.0,1148.0,244.0,0.0,
948450238202608385,Brooklyn,Crown Heights,40.664154450812,-73.93971229175281,Entire home/apt,198.0,30.0,0.0,,0.0,1.0,365.0,0.0,
806060163730588111,Queens,Astoria,40.75996180000001,-73.9251788,Entire home/apt,143.0,30.0,66.0,2025-04-26,2.02,1.0,335.0,2.0,
1157986393909875539,Brooklyn,Williamsburg,40.71138,-73.96132,Private room,114.0,4.0,68.0,2025-09-21,4.13,6.0,216.0,48.0,Exempt
853033045815699256,Queens,Woodside,40.7454139,-73.8982532,Entire home/apt,1000.0,30.0,0.0,,0.0,1.0,365.0,0.0,
7651547,Manhattan,Harlem,40.82306,-73.95035,Entire home/apt,288.0,31.0,29.0,2020-03-13,0.37,2.0,90.0,0.0,
605720639370929870,Queens,Astoria,40.76003,-73.91614,Private room,150.0,30.0,20.0,2023-12-31,0.54,2.0,364.0,0.0,
54093527,Manhattan,Midtown,40.75421,-73.96846,Private room,431.0,30.0,0.0,,0.0,1.0,365.0,0.0,
1295060868803166653,Queens,Long Island City,40.76631792842395,-73.93561424088118,Private room,77.0,30.0,0.0,,0.0,1.0,59.0,0.0,
706670190539378189,Brooklyn,Bedford-Stuyvesant,40.69063,-73.941778,Entire home/apt,309.0,3.0,101.0,2025-09-08,2.71,1.0,266.0,28.0,OSE-STRREG-0000383
17569080,Manhattan,Harlem,40.79927,-73.95109,Entire home/apt,220.0,30.0,3.0,2019-06-05,0.03,1.0,305.0,0.0,
1095776782918899581,Manhattan,Chelsea,40.75037469999999,-73.99637609999999,Entire home/apt,72.0,30.0,2.0,2025-02-05,0.21,184.0,209.0,2.0,
705389873738014950,Brooklyn,East New York,40.6747397,-73.8843447,Private room,131.0,1.0,35.0,2025-09-25,0.94,1.0,337.0,17.0,OSE-STRREG-0001815
50263756,Queens,Richmond Hill,40.68554,-73.81995,Private room,32.0,30.0,2.0,2023-04-29,0.07,7.0,305.0,0.0,
938652341400092973,Bronx,Van Nest,40.84755807647776,-73.86802772038888,Private room,95.0,2.0,21.0,2025-09-02,1.22,2.0,178.0,10.0,OSE-STRREG-0001939
1318120409178071251,Manhattan,East Village,40.7339622,-73.9893848,Entire home/apt,368.0,31.0,0.0,,0.0,1148.0,80.0,0.0,
34165293,Queens,Woodside,40.74454,-73.90621,Private room,74.0,30.0,14.0,2025-07-01,0.2,150.0,337.0,2.0,
16735801,Manhattan,Harlem,40.80166,-73.95562,Private room,100.0,30.0,518.0,2024-09-12,4.93,2.0,90.0,0.0,
4822181,Manhattan,Upper East Side,40.77429,-73.95157,Entire home/apt,177.0,30.0,15.0,2025-08-16,0.14,77.0,365.0,2.0,
34822061,Bronx,Throgs Neck,40.82798,-73.81455,Entire home/apt,215.0,30.0,25.0,2020-07-26,0.33,2.0,365.0,0.0,
53512507,Brooklyn,Williamsburg,40.70994,-73.95879,Entire home/apt,186.0,30.0,37.0,2025-06-18,0.81,1.0,182.0,2.0,
690037658614567343,Queens,Ridgewood,40.70114,-73.89587,Private room,236.0,2.0,92.0,2025-09-23,2.41,1.0,325.0,27.0,OSE-STRREG-0002322
750940597423602694,Manhattan,Harlem,40.82427,-73.94116,Private room,66.0,30.0,38.0,2025-04-09,1.13,20.0,356.0,1.0,
550653,Brooklyn,Windsor Terrace,40.66014,-73.98311,Private room,54.0,30.0,7.0,2023-11-27,0.07,1.0,182.0,0.0,
28991221,Manhattan,Midtown,40.76301,-73.98005,Private room,175.0,30.0,14.0,2025-08-16,0.27,2.0,345.0,1.0,
983261804912264665,Bronx,Port Morris,40.809887,-73.93061,Entire home/apt,167.0,1.0,0.0,,0.0,41.0,363.0,0.0,Exempt
3644017,Queens,Ditmars Steinway,40.7759,-73.91432,Private room,90.0,30.0,39.0,2023-09-03,0.29,2.0,83.0,0.0,
969046191401522947,Brooklyn,East New York,40.6603595,-73.8774937,Private room,159.0,2.0,34.0,2025-01-01,1.36,1.0,90.0,11.0,OSE-STRREG-0001782
1452262537641570483,Brooklyn,Brooklyn Heights,40.69851130155726,-73.99629513310023,Entire home/apt,200.0,30.0,0.0,,0.0,1.0,30.0,0.0,
44086561,Brooklyn,Brownsville,40.65692,-73.90676,Private room,71.0,30.0,68.0,2023-05-19,1.07,1.0,365.0,0.0,
18873598,Manhattan,Murray Hill,40.74861,-73.97712,Entire home/apt,210.0,30.0,3.0,2021-11-01,0.04,83.0,270.0,0.0,
682011038406152082,Brooklyn,Park Slope,40.67008,-73.98041,Entire home/apt,144.0,30.0,4.0,2024-10-18,0.12,7.0,151.0,1.0,
870114342679438920,Brooklyn,Bay Ridge,40.62174391952977,-74.02403376110539,Entire home/apt,113.0,30.0,5.0,2025-02-15,0.17,1.0,173.0,1.0,
40467141,Brooklyn,East Flatbush,40.64246,-73.9493,Entire home/apt,185.0,30.0,27.0,2025-08-02,0.38,1.0,137.0,1.0,
25443451,Manhattan,Tribeca,40.71788787841797,-74.00497436523438,Entire home/apt,285.0,30.0,20.0,2025-09-23,0.23,3.0,179.0,5.0,
35227165,Brooklyn,Williamsburg,40.71666,-73.9566,Entire home/apt,297.0,30.0,110.0,2023-10-22,1.44,1.0,83.0,0.0,
14383742,Brooklyn,Bedford-Stuyvesant,40.69548,-73.93418,Private room,86.0,30.0,10.0,2019-08-20,0.1,1.0,90.0,0.0,
35149282,Brooklyn,Downtown Brooklyn,40.69778,-73.98531,Private room,447.0,1.0,4.0,2025-07-20,0.18,7.0,303.0,2.0,Exempt
48808003,Manhattan,Harlem,40.82407,-73.95393,Private room,103.0,30.0,4.0,2024-07-16,0.07,4.0,365.0,0.0,
727832613571928027,Brooklyn,Bedford-Stuyvesant,40.67979,-73.92876,Entire home/apt,200.0,30.0,94.0,2023-12-03,2.59,1.0,93.0,0.0,
37023920,Manhattan,Stuyvesant Town,40.73313,-73.97678,Private room,840.0,30.0,0.0,,0.0,1.0,270.0,0.0,
753356086346283078,Bronx,Wakefield,40.89538,-73.84272,Entire home/apt,110.0,30.0,6.0,2025-07-27,0.2,2.0,266.0,1.0,
993514,Manhattan,Upper West Side,40.78566,-73.97271,Entire home/apt,240.0,30.0,15.0,2025-09-15,0.1,11.0,346.0,2.0,
50229441,Queens,Sunnyside,40.73856,-73.92431,Private room,45.0,30.0,9.0,2025-07-01,0.18,226.0,51.0,1.0,
1207958356004096911,Manhattan,Upper East Side,40.76668,-73.9596,Entire home/apt,206.0,30.0,0.0,,0.0,20.0,292.0,0.0,
1107782473273538350,Manhattan,Hell's Kitchen,40.76134,-73.99479,Private room,4000.0,30.0,0.0,,0.0,11.0,130.0,0.0,
1442231821208107146,Manhattan,Upper East Side,40.78052,-73.95323,Entire home/apt,170.0,30.0,0.0,,0.0,90.0,175.0,0.0,
722416737381606975,Manhattan,Upper West Side,40.78836,-73.96834,Entire home/apt,295.0,30.0,51.0,2025-04-27,1.4,9.0,365.0,1.0,
50654386,Brooklyn,Greenpoint,40.72100893442566,-73.94785369170653,Private room,205.0,3.0,151.0,2025-09-29,4.28,1.0,220.0,57.0,OSE-STRREG-0000342
838397208918790811,Manhattan,Midtown,40.7556,-73.98231,Hotel room,50000.0,1.0,0.0,,0.0,27.0,305.0,0.0,Exempt
44352853,Manhattan,Hell's Kitchen,40.75866,-73.99217,Entire home/apt,400.0,30.0,6.0,2024-10-20,0.16,13.0,88.0,1.0,Exempt
9156676,Brooklyn,Cypress Hills,40.68577,-73.87893,Entire home/apt,101.0,30.0,97.0,2023-09-30,0.8,3.0,334.0,0.0,
19563107,Manhattan,Murray Hill,40.74926,-73.97643,Entire home/apt,210.0,30.0,4.0,2021-10-09,0.04,83.0,365.0,0.0,
904537540621885048,Manhattan,Midtown,40.7559163,-73.9821398,Private room,355.0,1.0,0.0,,0.0,46.0,119.0,0.0,Exempt
1289901188619086090,Manhattan,East Village,40.7266128,-73.9876273,Entire home/apt,312.0,31.0,0.0,,0.0,1148.0,291.0,0.0,
255957,Manhattan,Nolita,40.72032,-73.99462,Entire home/apt,495.0,30.0,26.0,2024-06-01,0.15,2.0,305.0,0.0,
740405625762067517,Brooklyn,Bushwick,40.6899749,-73.92120600000001,Private room,150.0,30.0,56.0,2024-08-01,1.56,1.0,365.0,0.0,
25917853,Brooklyn,Prospect-Lefferts Gardens,40.66156,-73.95902,Entire home/apt,100.0,30.0,99.0,2025-09-22,1.12,1.0,328.0,6.0,
953082621778685235,Manhattan,Midtown,40.7563378,-73.98221699999999,Entire home/apt,3074.0,2.0,30.0,2025-09-04,1.33,9.0,318.0,20.0,Exempt
1326189425588302720,Brooklyn,Crown Heights,40.67261,-73.93904,Private room,123.0,1.0,6.0,2025-09-29,2.65,3.0,343.0,6.0,OSE-STRREG-0003181
675894671648952785,Queens,Long Island City,40.74994839999999,-73.94033139999999,Entire home/apt,339.0,60.0,0.0,,0.0,1148.0,94.0,0.0,
1184015830488997500,Manhattan,Lower East Side,40.7173363,-73.98630849999999,Entire home/apt,514.0,30.0,0.0,,0.0,1148.0,247.0,0.0,
707958114252508497,Queens,Arverne,40.59709,-73.79926,Private room,86.0,1.0,205.0,2025-09-13,5.54,1.0,331.0,63.0,OSE-STRREG-0001859
16269344,Brooklyn,Fort Greene,40.69306,-73.97153,Entire home/apt,181.0,30.0,8.0,2025-01-24,0.12,1.0,136.0,1.0,
54357934,Manhattan,Chelsea,40.74987,-73.99716,Entire home/apt,115.0,1.0,163.0,2025-09-08,3.66,36.0,37.0,31.0,Exempt
31121209,Brooklyn,East Flatbush,40.64149,-73.93961,Private room,41.0,30.0,175.0,2025-08-31,2.17,2.0,313.0,2.0,
22465327,Brooklyn,Bushwick,40.68837,-73.91453,Entire home/apt,259.0,30.0,26.0,2025-07-23,0.28,3.0,365.0,5.0,
1002823881758639223,Brooklyn,Fort Hamilton,40.61460042408073,-74.03510392925268,Private room,104.0,30.0,0.0,,0.0,2.0,269.0,0.0,
18718195,Manhattan,Roosevelt Island,40.76355,-73.94848,Private room,165.0,30.0,92.0,2023-11-17,0.9,1.0,160.0,0.0,
27299275,Queens,Flushing,40.74857,-73.82952,Entire home/apt,70.0,30.0,0.0,,0.0,8.0,101.0,0.0,
21010586,Manhattan,Greenwich Village,40.73275,-74.00005,Entire home/apt,189.0,30.0,37.0,2025-05-08,0.38,5.0,92.0,3.0,
1102299689722653894,Brooklyn,Williamsburg,40.70746354850246,-73.94561988769897,Private room,174.0,2.0,57.0,2025-09-20,3.05,1.0,239.0,28.0,OSE-STRREG-0001760
1086312344495922694,Manhattan,Lower East Side,40.717415486715645,-73.98862327796398,Private room,143.0,1.0,46.0,2025-09-16,2.74,5.0,230.0,33.0,Exempt
991623222460717625,Brooklyn,Bedford-Stuyvesant,40.68072854575765,-73.93601575015597,Entire home/apt,128.0,31.0,0.0,,0.0,2.0,151.0,0.0,
620578868328318638,Manhattan,Midtown,40.76277,-73.97539,Private room,3065.0,1.0,13.0,2025-01-01,0.32,4.0,350.0,1.0,Exempt
6304002,Brooklyn,Bedford-Stuyvesant,40.68624,-73.94914,Private room,112.0,10.0,37.0,2025-05-01,0.3,19.0,270.0,2.0,OSE-STRREG-0001404
1166090512207969562,Brooklyn,Bedford-Stuyvesant,40.6806919,-73.9416894,Private room,155.0,3.0,31.0,2025-09-27,2.09,2.0,165.0,23.0,OSE-STRREG-0002153
1279572603956432088,Manhattan,East Village,40.724568,-73.984432,Entire home/apt,442.0,31.0,0.0,,0.0,1148.0,357.0,0.0,
1485699844448081807,Brooklyn,Greenpoint,40.73161,-73.95732,Private room,147.0,30.0,0.0,,0.0,1.0,88.0,0.0,
1273901684572144919,Manhattan,Midtown,40.7647977,-73.9827291,Entire home/apt,323.0,31.0,0.0,,0.0,1148.0,215.0,0.0,
747024222007908598,Manhattan,Financial District,40.70664,-74.00437,Entire home/apt,198.0,30.0,0.0,,0.0,1.0,365.0,0.0,
34289855,Manhattan,Midtown,40.74375447476719,-73.98513295235767,Entire home/apt,995.0,30.0,4.0,2023-01-02,0.1,1.0,139.0,0.0,
648592683552031495,Queens,East Elmhurst,40.76763,-73.87584,Entire home/apt,117.0,30.0,197.0,2025-09-28,4.93,1.0,215.0,4.0,
4537500,Queens,Astoria,40.76421,-73.92846,Private room,45.0,31.0,2.0,2017-09-29,0.02,16.0,365.0,0.0,
26874326,Staten Island,New Brighton,40.63601,-74.09102,Private room,42.0,30.0,22.0,2025-06-30,0.46,3.0,146.0,1.0,
902927650985371940,Brooklyn,Bedford-Stuyvesant,40.68883594909587,-73.94037880868476,Entire home/apt,220.0,30.0,0.0,,0.0,1.0,362.0,0.0,
1420933494447653081,Manhattan,Midtown,40.7636605,-73.9810351,Entire home/apt,341.0,31.0,0.0,,0.0,1148.0,333.0,0.0,
803150657798963011,Brooklyn,East Flatbush,40.6504354,-73.934857,Private room,79.0,30.0,1.0,2023-02-08,0.03,1.0,364.0,0.0,
16229170,Manhattan,Lower East Side,40.71415,-73.98999,Entire home/apt,166.0,30.0,150.0,2025-07-27,1.45,1.0,365.0,3.0,
908098813888769009,Brooklyn,Fort Greene,40.68412107279322,-73.97193275880761,Entire home/apt,198.0,30.0,0.0,,0.0,1.0,140.0,0.0,
657371072209259860,Manhattan,Financial District,40.70794,-74.00671,Entire home/apt,200.0,30.0,2.0,2024-08-11,0.06,2.0,76.0,0.0,
1355118252249386243,Manhattan,East Harlem,40.796833654467164,-73.94783556441804,Entire home/apt,314.0,30.0,0.0,,0.0,8.0,364.0,0.0,
808627685964930371,Manhattan,Midtown,40.7526556,-73.9724804,Entire home/apt,311.0,30.0,0.0,,0.0,40.0,285.0,0.0,
599256513633250977,Queens,Astoria,40.76664,-73.91744,Entire home/apt,105.0,30.0,10.0,2025-04-15,0.24,1.0,363.0,1.0,
1072469407115663434,Brooklyn,Bushwick,40.68963,-73.91206,Private room,369.0,1.0,46.0,2025-09-01,2.66,2.0,134.0,27.0,OSE-STRREG-0001922
577857477164670474,Queens,Ozone Park,40.68397,-73.83886,Entire home/apt,133.0,30.0,0.0,,0.0,7.0,365.0,0.0,
842876131443629692,Brooklyn,Fort Greene,40.6853877,-73.9705027,Private room,128.0,3.0,78.0,2025-09-27,2.64,1.0,98.0,34.0,OSE-STRREG-0001653
20356917,Manhattan,Harlem,40.80206,-73.95442,Private room,69.0,30.0,259.0,2025-07-02,2.62,1.0,359.0,3.0,
14316284,Manhattan,Greenwich Village,40.72939,-74.00203,Entire home/apt,183.0,30.0,76.0,2025-01-13,0.69,4.0,296.0,3.0,
723878111397724292,Manhattan,Chelsea,40.73973,-73.9995,Entire home/apt,150.0,30.0,6.0,2025-05-30,0.2,61.0,320.0,4.0,
1177461605461458079,Brooklyn,Fort Hamilton,40.61881,-74.03238,Entire home/apt,167.0,1.0,63.0,2025-09-14,4.09,62.0,356.0,44.0,Exempt
904418500045894711,Manhattan,Harlem,40.80053,-73.95452,Entire home/apt,125.0,30.0,0.0,,0.0,1.0,87.0,0.0,
12686241,Brooklyn,Bedford-Stuyvesant,40.69462,-73.94693,Private room,150.0,30.0,65.0,2023-10-26,0.57,2.0,90.0,0.0,
1210985381930563242,Queens,Astoria,40.756225177819374,-73.91414533871615,Private room,88.0,30.0,0.0,,0.0,1.0,358.0,0.0,
1139832006209579248,Staten Island,Midland Beach,40.5732283,-74.0962256,Private room,26.0,30.0,0.0,,0.0,1.0,254.0,0.0,
984673166695575558,Brooklyn,Bedford-Stuyvesant,40.6848138,-73.9355779,Private room,47.0,30.0,0.0,,0.0,20.0,269.0,0.0,
780006096308383874,Queens,Ozone Park,40.68632,-73.84763,Entire home/apt,76.0,30.0,49.0,2023-09-19,1.44,2.0,335.0,0.0,
1448503000945996065,Brooklyn,Bedford-Stuyvesant,40.682570206285384,-73.94490938196654,Private room,167.0,30.0,0.0,,0.0,1.0,365.0,0.0,
1368589907802826859,Manhattan,Upper East Side,40.77058,-73.95509,Entire home/apt,206.0,90.0,0.0,,0.0,3.0,305.0,0.0,
856843124617214103,Brooklyn,Bushwick,40.68192,-73.90681,Private room,43.0,30.0,1.0,2024-07-01,0.07,567.0,364.0,0.0,
810830041327117144,Brooklyn,Prospect Heights,40.67493,-73.96466,Private room,740.0,30.0,2.0,2023-05-22,0.07,1.0,362.0,0.0,
1074617829677960916,Brooklyn,Flatbush,40.63828213787759,-73.9515723516384,Entire home/apt,243.0,30.0,0.0,,0.0,5.0,269.0,0.0,
913100388817665332,Manhattan,East Village,40.726306006069265,-73.98751352032865,Entire home/apt,599.0,30.0,16.0,2023-12-05,0.57,1.0,365.0,0.0,
881805988134105830,Brooklyn,Williamsburg,40.718467816738304,-73.96350025635218,Private room,223.0,30.0,27.0,2025-07-19,0.94,1.0,120.0,5.0,
5397568,Manhattan,Harlem,40.82298,-73.9482,Entire home/apt,250.0,31.0,158.0,2020-03-17,1.27,2.0,90.0,0.0,
409262,Brooklyn,Boerum Hill,40.68561,-73.98919,Entire home/apt,300.0,30.0,33.0,2023-01-01,0.2,3.0,352.0,0.0,
46788841,Manhattan,Murray Hill,40.75043,-73.97538,Entire home/apt,194.0,30.0,0.0,,0.0,83.0,365.0,0.0,
1093637322687475492,Manhattan,Hell's Kitchen,40.75596515776486,-73.99705754040978,Entire home/apt,196.0,30.0,0.0,,0.0,4.0,226.0,0.0,
578769192318564193,Manhattan,Kips Bay,40.74013,-73.98152,Entire home/apt,307.0,31.0,0.0,,0.0,1148.0,285.0,0.0,
1408376543963376938,Brooklyn,Sunset Park,40.63895,-74.01617,Private room,80.0,30.0,0.0,,0.0,9.0,207.0,0.0,
15675520,Manhattan,Greenwich Village,40.73139,-73.99515,Entire home/apt,498.0,30.0,12.0,2024-04-15,0.11,3.0,335.0,0.0,
32669154,Brooklyn,Bedford-Stuyvesant,40.69256,-73.94876,Entire home/apt,176.0,30.0,75.0,2024-10-31,0.95,1.0,263.0,1.0,
696558738505882577,Brooklyn,Brighton Beach,40.58252,-73.95973,Private room,79.0,1.0,183.0,2025-09-30,4.95,2.0,325.0,100.0,OSE-STRREG-0001358
54173093,Brooklyn,Flatbush,40.65391,-73.96002,Entire home/apt,136.0,30.0,15.0,2025-09-16,0.36,1.0,51.0,1.0,
1177345913286082983,Brooklyn,Fort Hamilton,40.61881,-74.0323824,Entire home/apt,159.0,1.0,55.0,2025-09-28,3.6,62.0,354.0,46.0,Exempt
905031073149861760,Brooklyn,Canarsie,40.6334582,-73.8994721,Private room,219.0,30.0,12.0,2023-11-25,0.43,3.0,364.0,0.0,
1431381033481170872,Brooklyn,Bushwick,40.68786335788345,-73.90933616174203,Private room,57.0,30.0,0.0,,0.0,41.0,342.0,0.0,
1369595286467474557,Manhattan,Upper East Side,40.77731470000001,-73.96312150000001,Entire home/apt,2423.0,31.0,0.0,,0.0,1148.0,244.0,0.0,
761440964551045378,Manhattan,Hell's Kitchen,40.76393377510831,-73.9893988519907,Entire home/apt,140.0,30.0,2.0,2025-04-04,0.17,1.0,158.0,2.0,
1476496307039545240,Brooklyn,Fort Greene,40.69076,-73.98112,Entire home/apt,170.0,90.0,0.0,,0.0,1.0,323.0,0.0,
758972902973903245,Queens,Ridgewood,40.70864,-73.89752,Entire home/apt,157.0,30.0,28.0,2025-04-29,0.8,10.0,334.0,3.0,
1361840108844137918,Manhattan,Murray Hill,40.74976,-73.97625,Entire home/apt,180.0,30.0,0.0,,0.0,51.0,274.0,0.0,
896185778425447968,Manhattan,Nolita,40.72211,-73.99401,Entire home/apt,1000.0,30.0,0.0,,0.0,1.0,365.0,0.0,
798846714750588023,Brooklyn,Bedford-Stuyvesant,40.680830131860226,-73.95260961291281,Private room,47.0,30.0,0.0,,0.0,567.0,365.0,0.0,
1006416060412152707,Manhattan,Midtown,40.7553992,-73.9726263,Private room,158.0,30.0,1.0,2025-05-31,0.24,51.0,243.0,1.0,
1120267212254262726,Manhattan,East Village,40.72546531180914,-73.98704392836228,Entire home/apt,489.0,3.0,41.0,2025-09-17,2.22,1.0,319.0,23.0,Exempt
12664893,Manhattan,Harlem,40.81147,-73.94077,Private room,88.0,30.0,134.0,2023-11-04,1.17,2.0,179.0,0.0,
37428856,Queens,Flushing,40.75701069477323,-73.83535981579396,Entire home/apt,369.0,31.0,0.0,,0.0,1.0,365.0,0.0,
1164529533784253797,Manhattan,Hell's Kitchen,40.76545,-73.99537,Entire home/apt,340.0,30.0,0.0,,0.0,331.0,363.0,0.0,
812515079646741128,Brooklyn,Canarsie,40.63193,-73.90275,Entire home/apt,185.0,30.0,76.0,2023-10-22,2.39,3.0,179.0,0.0,
1030503494042831518,Brooklyn,Williamsburg,40.707581064866865,-73.9456893640269,Entire home/apt,199.0,30.0,1.0,2025-05-12,0.21,2.0,336.0,1.0,
1096492708718540311,Manhattan,Upper West Side,40.80021376525054,-73.95982261609838,Private room,60.0,30.0,0.0,,0.0,23.0,336.0,0.0,
1226755115355469374,Manhattan,Midtown,40.7546241,-73.96645699999999,Entire home/apt,130.0,30.0,4.0,2025-04-09,0.33,8.0,167.0,3.0,
1078365107916600965,Manhattan,Lower East Side,40.71936,-73.98685,Entire home/apt,553.0,2.0,4.0,2025-09-15,2.22,1.0,209.0,4.0,Exempt
701401510655012752,Brooklyn,Cypress Hills,40.68355,-73.88437,Entire home/apt,135.0,30.0,58.0,2023-11-03,1.54,1.0,356.0,0.0,
877594518474201118,Queens,Glendale,40.70407073465647,-73.89474162261666,Entire home/apt,101.0,30.0,7.0,2024-08-20,0.24,1.0,317.0,0.0,
53623779,Manhattan,Upper East Side,40.7818029,-73.9476236,Entire home/apt,160.0,30.0,25.0,2023-12-07,0.75,1.0,365.0,0.0,
1167240334295469098,Manhattan,Upper East Side,40.76604,-73.95708,Entire home/apt,313.0,31.0,0.0,,0.0,1148.0,306.0,0.0,
40397243,Queens,Ridgewood,40.70663,-73.90317,Private room,82.0,30.0,18.0,2025-07-16,0.26,4.0,356.0,1.0,
674641911507626377,Bronx,Wakefield,40.89437873603123,-73.8533300883606,Private room,72.0,30.0,32.0,2023-09-04,0.83,1.0,365.0,0.0,
4067820,Bronx,Unionport,40.82914,-73.85473,Private room,70.0,30.0,152.0,2024-09-09,1.24,1.0,339.0,0.0,
1108891228259931949,Manhattan,Hell's Kitchen,40.758114451325156,-73.99520196652244,Entire home/apt,300.0,30.0,0.0,,0.0,1.0,90.0,0.0,
1032626627203089884,Bronx,Van Nest,40.84412,-73.86995,Private room,65.0,5.0,14.0,2025-09-30,2.88,1.0,295.0,14.0,OSE-STRREG-0002908
1390025788460378550,Manhattan,Financial District,40.70998,-74.00851,Entire home/apt,666.0,3.0,6.0,2025-09-16,1.33,21.0,147.0,6.0,Exempt
1249202254384207505,Manhattan,Chelsea,40.74793,-74.00797,Entire home/apt,370.0,31.0,0.0,,0.0,1148.0,286.0,0.0,
39535241,Brooklyn,Williamsburg,40.71667,-73.94054,Entire home/apt,333.0,300.0,15.0,2020-05-15,0.21,1.0,365.0,0.0,
1289094324927322753,Manhattan,Midtown,40.7589387,-73.9650972,Entire home/apt,352.0,31.0,0.0,,0.0,1148.0,204.0,0.0,
14421383,Brooklyn,Bushwick,40.69641,-73.91917,Private room,83.0,3.0,151.0,2025-09-06,1.36,1.0,166.0,17.0,OSE-STRREG-0001273
64314,Brooklyn,Crown Heights,40.67634,-73.95143,Private room,72.0,30.0,46.0,2022-11-12,0.26,1.0,215.0,0.0,
42738424,Manhattan,Murray Hill,40.74882,-73.98012,Entire home/apt,375.0,30.0,13.0,2025-03-01,0.19,61.0,336.0,3.0,
1447101185790224115,Brooklyn,South Slope,40.66615,-73.98956,Entire home/apt,130.0,30.0,1.0,2025-09-30,1.0,1.0,110.0,1.0,
5990467,Brooklyn,Boerum Hill,40.6855925,-73.9871435,Private room,155.0,4.0,123.0,2020-03-11,0.97,1.0,78.0,0.0,OSE-STRREG-0003176
50126048,Queens,Laurelton,40.68169,-73.7345,Private room,117.0,30.0,75.0,2023-10-20,1.7,2.0,270.0,0.0,
613842278291796082,Queens,Astoria,40.77305,-73.92177,Entire home/apt,236.0,3.0,153.0,2025-08-29,3.68,1.0,130.0,40.0,OSE-STRREG-0001113
51639443,Brooklyn,East Flatbush,40.66341,-73.93991,Entire home/apt,155.0,30.0,14.0,2025-07-27,0.35,3.0,274.0,3.0,
1284343037656878070,Queens,Flushing,40.73707,-73.79667,Entire home/apt,108.0,1.0,25.0,2025-09-05,3.01,1.0,1.0,25.0,OSE-STRREG-0002870
1407870334012915728,Manhattan,Harlem,40.805102951994385,-73.95768375809767,Private room,64.0,30.0,1.0,2025-06-04,0.25,41.0,335.0,1.0,
48933117,Manhattan,Tribeca,40.71863189049118,-74.00409643926923,Entire home/apt,250.0,30.0,6.0,2025-08-08,0.13,3.0,118.0,1.0,
914592079538599777,Brooklyn,Bedford-Stuyvesant,40.68660066299319,-73.9193838548416,Entire home/apt,88.0,30.0,2.0,2024-01-23,0.09,5.0,122.0,0.0,
13004967,Manhattan,Harlem,40.80526,-73.94618,Entire home/apt,310.0,4.0,69.0,2025-09-14,0.63,10.0,344.0,15.0,Exempt
847117939267245013,Brooklyn,Crown Heights,40.67803,-73.9429,Private room,63.0,30.0,0.0,,0.0,28.0,364.0,0.0,
832687086291691082,Queens,St. Albans,40.70411,-73.77339,Private room,126.0,1.0,49.0,2025-09-21,1.78,1.0,259.0,17.0,OSE-STRREG-0002031
54308707,Brooklyn,Prospect-Lefferts Gardens,40.65881388532105,-73.9462289755163,Entire home/apt,247.0,30.0,0.0,,0.0,1.0,90.0,0.0,
1487285278979806905,Manhattan,Upper West Side,40.7831585,-73.97370529999999,Entire home/apt,120.0,30.0,0.0,,0.0,239.0,336.0,0.0,
747270118567165916,Brooklyn,Bay Ridge,40.6382,-74.02586,Private room,58.0,30.0,6.0,2025-08-16,0.18,5.0,123.0,4.0,
1037084574043042259,Manhattan,Murray Hill,40.749053759192144,-73.97771679707968,Entire home/apt,141.0,30.0,8.0,2025-09-09,0.45,184.0,188.0,6.0,
27291497,Brooklyn,Bedford-Stuyvesant,40.68762,-73.94259,Entire home/apt,361.0,30.0,105.0,2025-08-16,1.23,1.0,55.0,4.0,
979061108613895849,Queens,East Elmhurst,40.7587,-73.88411,Private room,77.0,1.0,44.0,2025-09-16,1.76,1.0,11.0,34.0,OSE-STRREG-0002232
38019033,Queens,Long Island City,40.74606,-73.94263,Entire home/apt,207.0,30.0,18.0,2022-12-06,0.24,1.0,126.0,0.0,
770288951055858979,Brooklyn,Bedford-Stuyvesant,40.68704,-73.91816,Entire home/apt,105.0,30.0,3.0,2025-05-10,0.09,1.0,178.0,1.0,
15326243,Manhattan,Chelsea,40.74695,-73.99036,Entire home/apt,599.0,180.0,22.0,2021-09-10,0.2,1.0,358.0,0.0,
16396241,Brooklyn,Williamsburg,40.71075,-73.9534,Entire home/apt,206.0,30.0,202.0,2024-08-01,1.89,1.0,326.0,0.0,
1436585433340465754,Brooklyn,East New York,40.66287,-73.89815,Entire home/apt,140.0,30.0,0.0,,0.0,2.0,269.0,0.0,
1176125517996489308,Manhattan,Midtown,40.75181120049922,-73.98304128419873,Entire home/apt,648.0,30.0,0.0,,0.0,331.0,363.0,0.0,
41746645,Brooklyn,Williamsburg,40.71367,-73.93825,Entire home/apt,175.0,30.0,24.0,2023-07-30,0.35,1.0,151.0,0.0,
39487415,Brooklyn,Prospect-Lefferts Gardens,40.66171,-73.95699,Private room,120.0,3.0,162.0,2025-09-17,2.24,1.0,12.0,36.0,OSE-STRREG-0001019
10553095,Brooklyn,East New York,40.67117,-73.87937,Private room,49.0,30.0,45.0,2022-11-13,0.39,2.0,365.0,0.0,
600263116064127765,Manhattan,Nolita,40.721455,-73.994423,Entire home/apt,160.0,30.0,15.0,2025-08-16,0.38,32.0,335.0,4.0,
1109568672579690541,Manhattan,Harlem,40.8105766,-73.94178,Private room,85.0,30.0,36.0,2025-01-04,1.92,10.0,0.0,9.0,Exempt
46548617,Staten Island,Port Richmond,40.63373,-74.13372,Private room,43.0,30.0,8.0,2023-05-15,0.14,2.0,333.0,0.0,
1157155043074005989,Manhattan,Midtown,40.760894134399834,-73.97435820513522,Entire home/apt,557.0,2.0,81.0,2025-09-14,4.91,1.0,278.0,57.0,Exempt
10280549,Brooklyn,Flatbush,40.64319,-73.96105,Private room,108.0,2.0,414.0,2025-09-21,3.54,2.0,39.0,60.0,OSE-STRREG-0000043
1109675460093255334,Brooklyn,Bedford-Stuyvesant,40.67899590376531,-73.90938518879061,Private room,98.0,30.0,0.0,,0.0,13.0,339.0,0.0,
973202272068906394,Brooklyn,Cypress Hills,40.6874842,-73.87546739999999,Entire home/apt,296.0,3.0,27.0,2025-09-15,2.39,1.0,355.0,27.0,OSE-STRREG-0001928
1440628003355346767,Brooklyn,Fort Hamilton,40.61764,-74.02186,Private room,214.0,1.0,8.0,2025-09-30,4.8,2.0,270.0,8.0,Exempt
1196631230237452581,Brooklyn,Greenpoint,40.72777649340915,-73.96012883691985,Entire home/apt,230.0,30.0,2.0,2025-08-01,0.64,1.0,134.0,2.0,
53696990,Queens,Middle Village,40.71726,-73.87628,Entire home/apt,148.0,30.0,2.0,2025-01-25,0.05,8.0,364.0,1.0,
1108126065533032978,Queens,Astoria,40.76445564498693,-73.92934140518591,Entire home/apt,195.0,30.0,1.0,2025-01-31,0.12,10.0,105.0,1.0,
502235608092478513,Queens,Queens Village,40.71055,-73.73961,Entire home/apt,80.0,30.0,6.0,2025-06-27,0.15,6.0,365.0,2.0,
729091062376794592,Bronx,Fordham,40.85865,-73.90355,Private room,52.0,30.0,14.0,2023-01-01,0.38,4.0,365.0,0.0,
2155610,Brooklyn,Crown Heights,40.67645,-73.9234,Private room,63.0,31.0,3.0,2024-09-14,0.07,5.0,364.0,0.0,
837677241873217389,Brooklyn,Bedford-Stuyvesant,40.692243384833375,-73.92984475940466,Entire home/apt,250.0,30.0,32.0,2025-08-09,1.04,1.0,256.0,5.0,
1090553830200685087,Brooklyn,Brighton Beach,40.58237,-73.958,Private room,89.0,1.0,149.0,2025-09-29,7.81,2.0,333.0,99.0,OSE-STRREG-0001671
1471109535308966211,Manhattan,Upper East Side,40.77607,-73.9552,Entire home/apt,272.0,30.0,0.0,,0.0,10.0,303.0,0.0,
1460253186498336837,Manhattan,Gramercy,40.7338958,-73.981368,Entire home/apt,477.0,30.0,0.0,,0.0,12.0,293.0,0.0,
41289512,Manhattan,Midtown,40.7484,-73.98757,Entire home/apt,510.0,2.0,174.0,2025-08-20,2.52,13.0,75.0,22.0,Exempt
1283508781489380600,Queens,Ridgewood,40.7026103,-73.9046224,Private room,45.0,30.0,0.0,,0.0,13.0,365.0,0.0,
1360837752237598231,Brooklyn,Bedford-Stuyvesant,40.691689,-73.9501258,Entire home/apt,381.0,30.0,0.0,,0.0,85.0,317.0,0.0,
1121771929571655131,Brooklyn,Bedford-Stuyvesant,40.68892,-73.95072,Private room,52.0,30.0,0.0,,0.0,16.0,256.0,0.0,
1390712931865006242,Manhattan,Kips Bay,40.74093,-73.97906,Entire home/apt,245.0,30.0,0.0,,0.0,41.0,350.0,0.0,
680341463529754504,Brooklyn,Williamsburg,40.7144003,-73.9496825,Entire home/apt,285.0,30.0,9.0,2025-06-15,0.24,41.0,242.0,2.0,
1447386190299990671,Brooklyn,Bushwick,40.69713,-73.92431,Private room,37.0,30.0,2.0,2025-08-30,0.88,3.0,90.0,2.0,
1379903553066338950,Manhattan,Hell's Kitchen,40.755429705119596,-73.99682306838999,Private room,135.0,30.0,0.0,,0.0,1.0,364.0,0.0,
824019592196865018,Queens,Elmhurst,40.74797,-73.87359,Private room,61.0,30.0,3.0,2025-08-31,0.12,150.0,273.0,1.0,
1251681,Brooklyn,Kensington,40.64488,-73.97254,Private room,220.0,30.0,26.0,2023-07-31,0.24,1.0,117.0,0.0,
54148158,Brooklyn,Flatlands,40.62345,-73.92139,Private room,78.0,30.0,3.0,2022-10-09,0.07,1.0,365.0,0.0,
46929299,Brooklyn,Gravesend,40.60693,-73.96776,Private room,500.0,30.0,1.0,2021-01-24,0.02,1.0,364.0,0.0,
27394897,Brooklyn,Bensonhurst,40.60735,-73.99923,Entire home/apt,95.0,30.0,45.0,2023-09-04,0.52,2.0,162.0,0.0,
1164442394843814685,Manhattan,Chelsea,40.74527620105995,-73.9931733103985,Entire home/apt,704.0,30.0,0.0,,0.0,331.0,363.0,0.0,
605583991244171226,Manhattan,Upper East Side,40.77156,-73.95503,Entire home/apt,247.0,30.0,6.0,2023-08-25,0.16,91.0,365.0,0.0,
850663853879529531,Brooklyn,Park Slope,40.668977,-73.981006,Entire home/apt,92.0,30.0,10.0,2025-07-27,0.36,2.0,121.0,4.0,
1330056,Brooklyn,Williamsburg,40.71705,-73.9576,Private room,60.0,30.0,174.0,2023-09-04,1.19,1.0,306.0,0.0,
1004507987284505214,Manhattan,Harlem,40.82457368800761,-73.94431368780518,Private room,42.0,30.0,1.0,2025-07-30,0.46,4.0,179.0,1.0,
1227311058043740187,Brooklyn,East New York,40.66966,-73.89364,Entire home/apt,140.0,30.0,0.0,,0.0,2.0,363.0,0.0,
20951141,Manhattan,Harlem,40.80096,-73.95526,Entire home/apt,318.0,30.0,49.0,2019-03-15,0.5,1.0,363.0,0.0,
34510977,Brooklyn,Crown Heights,40.67823,-73.96331,Private room,260.0,2.0,12.0,2024-06-24,0.16,3.0,266.0,0.0,OSE-STRREG-0001016
1029766290483905399,Manhattan,Midtown,40.75609,-73.97108,Hotel room,50000.0,1.0,4.0,2025-06-30,0.18,26.0,356.0,3.0,Exempt
622647238390881096,Manhattan,Midtown,40.74597,-73.98521,Entire home/apt,995.0,30.0,46.0,2023-11-26,1.16,1.0,270.0,0.0,
1009579280107555192,Manhattan,Midtown,40.754599103356746,-73.97198676868328,Entire home/apt,180.0,30.0,0.0,,0.0,51.0,274.0,0.0,
1063769212897446946,Brooklyn,Crown Heights,40.6726001,-73.9150566,Entire home/apt,249.0,30.0,2.0,2025-08-31,0.15,2.0,269.0,1.0,
27677869,Bronx,Longwood,40.82295,-73.90065,Private room,91.0,30.0,11.0,2019-01-01,0.13,1.0,364.0,0.0,
20215323,Manhattan,Harlem,40.8227,-73.94569,Private room,65.0,30.0,19.0,2025-10-01,0.19,6.0,185.0,2.0,
1283288496701391251,Manhattan,Hell's Kitchen,40.7677253,-73.9915642,Entire home/apt,557.0,31.0,0.0,,0.0,1148.0,329.0,0.0,
1003438862092649925,Queens,Sunnyside,40.74424,-73.915899,Private room,63.0,30.0,6.0,2025-04-28,0.28,1.0,46.0,2.0,
1168902661787805861,Manhattan,East Harlem,40.7898,-73.94891,Entire home/apt,120.0,30.0,2.0,2025-08-03,0.14,14.0,269.0,1.0,
16220003,Manhattan,Washington Heights,40.8374,-73.94762,Entire home/apt,110.0,30.0,24.0,2023-12-04,0.6,1.0,240.0,0.0,
52307085,Queens,Rockaway Beach,40.58959,-73.81339,Entire home/apt,70.0,30.0,28.0,2024-05-13,0.58,5.0,270.0,0.0,
11790047,Brooklyn,Prospect-Lefferts Gardens,40.6596,-73.94829,Entire home/apt,98.0,30.0,42.0,2025-07-19,0.39,2.0,365.0,2.0,
772582827254717471,Manhattan,Midtown,40.74782,-73.98652,Private room,50000.0,1.0,1.0,2024-06-16,0.06,49.0,346.0,0.0,Exempt
35716479,Manhattan,Harlem,40.82921,-73.94805,Private room,135.0,30.0,0.0,,0.0,2.0,365.0,0.0,
39174155,Brooklyn,Williamsburg,40.71706,-73.95708,Private room,136.0,30.0,116.0,2025-07-28,1.6,1.0,62.0,2.0,
1067487172334612088,Manhattan,Financial District,40.710056259983524,-74.00976836497816,Private room,398.0,1.0,52.0,2025-09-28,2.57,10.0,150.0,15.0,Exempt
1471985963180795323,Manhattan,Harlem,40.82568,-73.94354,Entire home/apt,120.0,30.0,0.0,,0.0,3.0,88.0,0.0,
37879131,Manhattan,Harlem,40.80562317909974,-73.9481598438038,Private room,108.0,1.0,248.0,2025-09-10,3.36,1.0,55.0,49.0,OSE-STRREG-0000270
1425547264347105496,Brooklyn,Cobble Hill,40.6874,-73.99629,Entire home/apt,1817.0,30.0,1.0,2025-08-31,0.91,23.0,62.0,1.0,
1008950698579129113,Queens,Sunnyside,40.744799073434514,-73.92099739032759,Private room,52.0,30.0,0.0,,0.0,1.0,269.0,0.0,
653015092633711688,Brooklyn,Midwood,40.61764,-73.95781,Private room,63.0,30.0,3.0,2025-08-16,0.1,1.0,186.0,1.0,
719236297825192290,Manhattan,Upper East Side,40.78435,-73.94839,Entire home/apt,250.0,30.0,5.0,2025-07-07,0.15,1.0,273.0,1.0,
764766608238216047,Manhattan,Washington Heights,40.84886,-73.93429,Private room,105.0,30.0,59.0,2023-08-31,1.7,2.0,180.0,0.0,
51653479,Brooklyn,Crown Heights,40.66441,-73.92907,Entire home/apt,162.0,30.0,6.0,2023-09-03,0.16,2.0,240.0,0.0,
26149494,Queens,Edgemere,40.59624865602139,-73.76881906427418,Entire home/apt,266.0,1.0,53.0,2025-09-27,0.62,1.0,364.0,10.0,OSE-STRREG-0002306
30206047,Manhattan,Upper East Side,40.78435,-73.95391,Entire home/apt,1000.0,30.0,4.0,2023-05-25,0.1,1.0,364.0,0.0,
1315319482276829241,Brooklyn,Crown Heights,40.67429786685657,-73.9405583518313,Private room,121.0,1.0,5.0,2025-09-25,0.63,3.0,344.0,5.0,OSE-STRREG-0003181
9920363,Queens,Ridgewood,40.70465,-73.89909,Entire home/apt,623.0,30.0,4.0,2020-01-01,0.03,8.0,365.0,0.0,
700871408306613219,Manhattan,Lower East Side,40.71951,-73.98303,Entire home/apt,220.0,30.0,4.0,2023-09-04,0.11,1.0,88.0,0.0,
941557907167199278,Manhattan,Kips Bay,40.74115339999999,-73.9792211,Entire home/apt,188.0,30.0,2.0,2025-08-30,0.39,138.0,216.0,2.0,
53850746,Brooklyn,Flatbush,40.64676227532959,-73.9604508346743,Entire home/apt,110.0,30.0,12.0,2025-08-03,0.26,1.0,130.0,1.0,
17297467,Brooklyn,Flatbush,40.64874,-73.96679,Private room,59.0,30.0,11.0,2017-10-03,0.11,1.0,304.0,0.0,
1353701056729770356,Brooklyn,Bedford-Stuyvesant,40.70026346826369,-73.94158650440501,Private room,53.0,30.0,0.0,,0.0,254.0,321.0,0.0,
19485668,Staten Island,New Brighton,40.64434,-74.09445,Private room,102.0,30.0,0.0,,0.0,2.0,364.0,0.0,OSE-STRREG-0002519
727329511774515361,Manhattan,Kips Bay,40.74428,-73.97895,Entire home/apt,227.0,30.0,27.0,2025-07-26,0.76,1.0,276.0,2.0,
25071113,Manhattan,East Village,40.72639,-73.98351,Entire home/apt,208.0,31.0,29.0,2025-06-04,0.33,1.0,306.0,1.0,
48587333,Manhattan,Midtown,40.76331,-73.9762,Private room,700.0,1.0,14.0,2025-07-21,0.26,86.0,199.0,6.0,Exempt
1004979528339732090,Manhattan,Washington Heights,40.84775,-73.93153,Hotel room,562.0,1.0,2.0,2024-07-27,0.13,158.0,268.0,0.0,Exempt
1193615199080005457,Queens,Richmond Hill,40.69938,-73.84047,Private room,80.0,30.0,0.0,,0.0,5.0,269.0,0.0,
39879250,Manhattan,Upper East Side,40.78314,-73.95099,Private room,100.0,30.0,1.0,2020-01-31,0.01,77.0,365.0,0.0,
848627681349272330,Manhattan,Upper East Side,40.7727587,-73.95097969999999,Entire home/apt,145.0,30.0,5.0,2025-04-03,0.17,138.0,335.0,1.0,
1389889452853572869,Manhattan,Financial District,40.71020955671809,-74.00664350450958,Entire home/apt,594.0,3.0,17.0,2025-09-21,3.62,21.0,142.0,17.0,Exempt
1082456808583651240,Brooklyn,East New York,40.6669004487946,-73.89314219947627,Private room,162.0,3.0,19.0,2025-09-15,1.14,1.0,56.0,9.0,OSE-STRREG-0001301
1131458412663503638,Brooklyn,Bedford-Stuyvesant,40.6850941,-73.9491814,Entire home/apt,197.0,2.0,69.0,2025-09-14,4.75,1.0,66.0,60.0,OSE-STRREG-0001952
29294153,Queens,Astoria,40.76829,-73.92435,Private room,85.0,30.0,2.0,2020-02-08,0.03,150.0,92.0,0.0,
981904996886257439,Manhattan,Murray Hill,40.746973046183804,-73.97648515438537,Private room,300.0,32.0,0.0,,0.0,6.0,263.0,0.0,
932593024559764862,Manhattan,Hell's Kitchen,40.76188930000001,-73.9915264,Private room,86.0,30.0,0.0,,0.0,12.0,337.0,0.0,
807283953535151481,Brooklyn,Bedford-Stuyvesant,40.69055,-73.95937,Private room,143.0,30.0,10.0,2023-07-16,0.31,1.0,304.0,0.0,
27706737,Brooklyn,Bedford-Stuyvesant,40.68176,-73.94784,Private room,118.0,30.0,0.0,,0.0,1.0,89.0,0.0,
9450180,Queens,Sunnyside,40.73852,-73.92531,Private room,103.0,30.0,49.0,2024-12-20,0.5,3.0,361.0,1.0,
6084475,Queens,Long Island City,40.74652,-73.94485,Private room,100.0,30.0,107.0,2025-08-01,0.85,7.0,170.0,3.0,
50793014,Brooklyn,Bedford-Stuyvesant,40.68185,-73.95223,Private room,101.0,30.0,5.0,2023-06-24,0.1,1.0,84.0,0.0,
1290592430548307969,Manhattan,Chelsea,40.750566,-73.99687899999999,Entire home/apt,53.0,30.0,1.0,2025-01-01,0.11,184.0,184.0,1.0,
798205651004437942,494585533,Norbert,,,40.5793,-73.98277,,360.0,,16.0,,0.53,11.0,364
865335974410390719,Brooklyn,East Flatbush,40.64200701901312,-73.9391835371188,Entire home/apt,190.0,4.0,54.0,2025-09-22,1.87,1.0,156.0,20.0,OSE-STRREG-0000065
1101479604660196862,Manhattan,Midtown,40.75494,-73.96431,Entire home/apt,320.0,30.0,1.0,2024-12-12,0.1,16.0,303.0,1.0,
1353721948893112089,Manhattan,Upper West Side,40.80003,-73.96168,Private room,64.0,30.0,0.0,,0.0,254.0,308.0,0.0,
47716158,Manhattan,East Harlem,40.79944,-73.93922,Private room,60.0,30.0,138.0,2025-09-29,2.42,1.0,269.0,4.0,
1440615357073699858,Brooklyn,East Flatbush,40.6536,-73.92523,Private room,40.0,31.0,0.0,,0.0,1.0,275.0,0.0,
18971993,Manhattan,East Harlem,40.79681,-73.94515,Private room,70.0,30.0,139.0,2025-08-23,1.41,2.0,129.0,1.0,
50197603,Manhattan,Upper East Side,40.77242660522461,-73.95455169677734,Entire home/apt,352.0,30.0,3.0,2024-04-30,0.09,241.0,306.0,0.0,
1128408755712383279,Manhattan,Hell's Kitchen,40.76675,-73.98991,Entire home/apt,194.0,30.0,0.0,,0.0,239.0,241.0,0.0,
992667450881055647,Manhattan,West Village,40.73881264480147,-74.00179866034219,Entire home/apt,200.0,30.0,0.0,,0.0,1.0,147.0,0.0,
22663674,Manhattan,Upper West Side,40.78322,-73.98095,Entire home/apt,482.0,30.0,197.0,2025-07-25,2.12,1.0,31.0,2.0,
746609415323932939,Brooklyn,Cypress Hills,40.680624,-73.8648753,Private room,40.0,30.0,2.0,2023-03-01,0.06,7.0,355.0,0.0,
30105137,Manhattan,Harlem,40.80255,-73.94731,Entire home/apt,127.0,30.0,51.0,2024-06-15,0.69,2.0,294.0,0.0,
1110847898990560606,Manhattan,Harlem,40.82772240000001,-73.9479565,Entire home/apt,239.0,1.0,27.0,2025-08-22,1.61,17.0,323.0,18.0,Exempt
32747368,Manhattan,Midtown,40.76209,-73.9757,Private room,897.0,30.0,0.0,,0.0,2.0,365.0,0.0,
550135601428139032,Brooklyn,Crown Heights,40.67185,-73.92132,Private room,75.0,30.0,43.0,2025-09-14,1.0,2.0,334.0,1.0,
1405264928595444737,Manhattan,Financial District,40.705275,-74.007506,Private room,900.0,1.0,0.0,,0.0,20.0,365.0,0.0,Exempt
1214478155363843346,Manhattan,Gramercy,40.7347326,-73.9896255,Entire home/apt,506.0,30.0,0.0,,0.0,1148.0,176.0,0.0,
20040078,Manhattan,Hell's Kitchen,40.75527,-73.9973,Entire home/apt,200.0,30.0,64.0,2023-11-21,0.65,5.0,339.0,0.0,
13894813,Manhattan,Theater District,40.75702,-73.98293,Private room,144.0,30.0,28.0,2025-02-28,0.26,5.0,290.0,1.0,
50496178,Bronx,Wakefield,40.90229,-73.84239,Entire home/apt,150.0,30.0,52.0,2023-06-25,1.02,2.0,364.0,0.0,
10686958,Manhattan,Inwood,40.86726,-73.92564,Entire home/apt,126.0,45.0,18.0,2025-07-31,0.26,1.0,115.0,3.0,
1067268631904752268,Manhattan,Chelsea,40.738451,-73.997761,Entire home/apt,587.0,31.0,0.0,,0.0,1148.0,219.0,0.0,
43834804,Brooklyn,Bushwick,40.7021,-73.91759,Entire home/apt,234.0,30.0,155.0,2023-09-11,2.43,2.0,90.0,0.0,
866028568381589241,Manhattan,Theater District,40.76252551109945,-73.9823823735193,Entire home/apt,350.0,30.0,3.0,2025-09-02,0.11,1.0,215.0,1.0,
629036001404946530,Brooklyn,East Flatbush,40.64926,-73.94942,Private room,84.0,30.0,2.0,2022-09-07,0.05,1.0,363.0,0.0,
736216304989788040,Manhattan,Tribeca,40.71814,-74.0039,Entire home/apt,3600.0,30.0,0.0,,0.0,11.0,365.0,0.0,
710763466304966408,Brooklyn,Sunset Park,40.66315,-73.99262,Shared room,313.0,1.0,139.0,2025-09-28,3.76,2.0,117.0,60.0,OSE-STRREG-0002000
44261171,Manhattan,Midtown,40.7604361,-73.96852299999999,Entire home/apt,469.0,31.0,3.0,2025-03-18,0.05,1148.0,200.0,1.0,
8953404,Queens,Astoria,40.7686,-73.92505,Private room,58.0,30.0,145.0,2023-08-20,1.21,9.0,305.0,0.0,
1164532995322272238,Manhattan,Midtown,40.7493784387588,-73.98497286522475,Entire home/apt,680.0,30.0,0.0,,0.0,331.0,363.0,0.0,
1058226731205197288,Manhattan,Harlem,40.80827,-73.95367,Entire home/apt,178.0,30.0,2.0,2024-09-30,0.14,8.0,179.0,0.0,
870420092221946863,Manhattan,Upper East Side,40.78185,-73.94543,Entire home/apt,134.0,30.0,4.0,2025-06-22,0.18,77.0,364.0,2.0,
1491267285132323247,Manhattan,Chelsea,40.75134,-73.99794,Entire home/apt,53.0,30.0,0.0,,0.0,184.0,290.0,0.0,
1164456848931444482,Manhattan,Midtown,40.75223,-73.98224,Entire home/apt,762.0,30.0,0.0,,0.0,331.0,363.0,0.0,
52101440,Manhattan,Washington Heights,40.83647,-73.94315,Entire home/apt,312.0,5.0,104.0,2025-09-15,2.11,2.0,341.0,19.0,Exempt
1102148127809451153,Manhattan,Harlem,40.810573,-73.941715,Private room,105.0,30.0,31.0,2025-01-04,1.69,10.0,79.0,10.0,Exempt
676737279656757218,Brooklyn,Bay Ridge,40.63435,-74.021,Private room,226.0,30.0,11.0,2025-08-08,0.72,8.0,50.0,7.0,
16776959,Brooklyn,Bay Ridge,40.63254,-74.03161,Entire home/apt,60.0,90.0,2.0,2019-12-15,0.02,1.0,137.0,0.0,
818087759889734860,Manhattan,Lower East Side,40.7193634,-73.985112,Entire home/apt,195.0,30.0,0.0,,0.0,241.0,214.0,0.0,
1177546147205287242,Manhattan,Hell's Kitchen,40.76083511234803,-73.99186882176149,Entire home/apt,67.0,30.0,4.0,2025-08-31,0.52,184.0,134.0,4.0,
993345539227815562,Manhattan,Chelsea,40.7379457,-73.9914342,Entire home/apt,1500.0,30.0,0.0,,0.0,9.0,365.0,0.0,
1512466468355789228,Brooklyn,Bensonhurst,40.61728,-73.99201,Private room,64.0,30.0,0.0,,0.0,4.0,273.0,0.0,
42404625,Manhattan,Midtown,40.7604361,-73.96852299999999,Entire home/apt,514.0,31.0,0.0,,0.0,1148.0,355.0,0.0,
692185719708852412,Manhattan,Washington Heights,40.84108,-73.93548,Private room,50.0,30.0,0.0,,0.0,215.0,55.0,0.0,
716359039183246493,Manhattan,Upper West Side,40.77507249999999,-73.98864979999996,Entire home/apt,708.0,31.0,0.0,,0.0,1148.0,310.0,0.0,
1182959878956973304,Brooklyn,East Flatbush,40.6596748,-73.93442519999999,Private room,59.0,30.0,0.0,,0.0,43.0,279.0,0.0,
740725192615343242,Brooklyn,Crown Heights,40.67771,-73.94853,Entire home/apt,81.0,31.0,1.0,2025-08-09,0.55,1.0,286.0,1.0,
726579130880945632,Manhattan,Upper West Side,40.77102,-73.98249,Entire home/apt,315.0,30.0,0.0,,0.0,1.0,343.0,0.0,
1448474059105364274,Brooklyn,Bedford-Stuyvesant,40.67845,-73.91106,Private room,80.0,30.0,0.0,,0.0,8.0,336.0,0.0,
46334141,Brooklyn,Bedford-Stuyvesant,40.68532,-73.93062,Private room,90.0,30.0,4.0,2023-12-23,0.08,4.0,365.0,0.0,
1337197055935583451,Manhattan,Chinatown,40.71829,-74.00226,Entire home/apt,990.0,30.0,0.0,,0.0,1.0,332.0,0.0,
896939245238848955,Bronx,North Riverdale,40.9031966657953,-73.89801183686198,Private room,175.0,30.0,4.0,2025-09-13,0.15,1.0,364.0,1.0,
818099336473939614,Manhattan,Upper East Side,40.76596,-73.95712,Entire home/apt,240.0,30.0,2.0,2023-08-12,0.07,241.0,335.0,0.0,
807919911088300640,Manhattan,Upper East Side,40.7706801,-73.9573166,Entire home/apt,496.0,30.0,6.0,2025-08-31,0.21,241.0,286.0,3.0,
1490739034620788089,Manhattan,Harlem,40.82516,-73.94847,Entire home/apt,1336.0,3.0,0.0,,0.0,3.0,315.0,0.0,Exempt
799513237725073820,Brooklyn,Bedford-Stuyvesant,40.68392689490167,-73.93811973409932,Shared room,125.0,3.0,89.0,2025-09-23,2.71,4.0,141.0,56.0,OSE-STRREG-0002480
1403532520989551918,Manhattan,Hell's Kitchen,40.76536883104458,-73.99165701124744,Entire home/apt,181.0,30.0,0.0,,0.0,33.0,334.0,0.0,
3642325,Brooklyn,Sheepshead Bay,40.58482,-73.93593,Entire home/apt,150.0,30.0,3.0,2017-03-13,0.02,3.0,364.0,0.0,
39839813,Brooklyn,Williamsburg,40.70864,-73.96613,Entire home/apt,215.0,30.0,91.0,2025-05-31,1.29,1.0,165.0,4.0,
45103929,Brooklyn,Bedford-Stuyvesant,40.67933,-73.91333,Private room,48.0,30.0,71.0,2023-09-10,1.14,4.0,240.0,0.0,
819298965203188593,Manhattan,Harlem,40.807735744590595,-73.94513204043824,Entire home/apt,210.0,5.0,93.0,2025-09-10,3.04,4.0,157.0,37.0,Exempt
51487070,Queens,Middle Village,40.71156,-73.87051,Entire home/apt,130.0,30.0,9.0,2025-01-17,0.18,2.0,96.0,2.0,
919625176319452795,Manhattan,Battery Park City,40.70576731654244,-74.01690631426206,Entire home/apt,165.0,30.0,3.0,2025-04-19,0.17,1.0,257.0,2.0,
1255050913206140074,Brooklyn,Bushwick,40.68846720806921,-73.9130242282918,Private room,113.0,2.0,28.0,2025-09-28,4.08,1.0,111.0,28.0,OSE-STRREG-0002797
23763367,Queens,Astoria,40.77238,-73.92517,Entire home/apt,167.0,30.0,225.0,2024-08-13,2.46,1.0,215.0,0.0,
618282597619443456,Brooklyn,Bay Ridge,40.62677706342476,-74.02417135238647,Entire home/apt,158.0,30.0,47.0,2023-12-05,1.2,1.0,364.0,0.0,
1094856719742290170,Manhattan,Upper West Side,40.78347,-73.97849,Hotel room,40000.0,1.0,0.0,,0.0,158.0,353.0,0.0,Exempt
541840861640055585,Manhattan,Midtown,40.75478,-73.96689,Entire home/apt,396.0,31.0,0.0,,0.0,1148.0,138.0,0.0,
692075948348759261,Queens,South Ozone Park,40.667559882241896,-73.81327815787952,Private room,118.0,2.0,61.0,2025-09-12,2.02,1.0,365.0,21.0,OSE-STRREG-0001525
1136213102649672641,Brooklyn,Bedford-Stuyvesant,40.68228,-73.91981,Private room,146.0,3.0,25.0,2025-09-22,1.93,2.0,82.0,18.0,ose-strreg-0002161
276317,Brooklyn,Prospect Heights,40.67782,-73.97205,Private room,630.0,30.0,185.0,2023-11-26,1.1,1.0,365.0,0.0,
568270572432528148,Manhattan,Midtown,40.74792,-73.98686,Private room,355.0,1.0,6.0,2024-12-13,0.14,5.0,159.0,1.0,Exempt
1069721161305728281,Manhattan,Hell's Kitchen,40.7599403,-73.9896602,Entire home/apt,215.0,30.0,1.0,2024-05-26,0.06,1.0,177.0,0.0,
46788207,Manhattan,Murray Hill,40.75032,-73.97705,Entire home/apt,170.0,30.0,3.0,2021-08-08,0.06,83.0,365.0,0.0,
23107316,Manhattan,West Village,40.73577,-73.99909,Entire home/apt,284.0,30.0,13.0,2020-10-09,0.15,1.0,358.0,0.0,
41725492,Brooklyn,East New York,40.66749,-73.8836,Entire home/apt,220.0,30.0,27.0,2022-01-03,0.39,2.0,179.0,0.0,
975250,Brooklyn,Bedford-Stuyvesant,40.69063,-73.92466,Private room,79.0,30.0,43.0,2024-12-19,0.32,3.0,145.0,1.0,
34600024,Brooklyn,Bedford-Stuyvesant,40.6913,-73.92603,Entire home/apt,127.0,30.0,99.0,2024-08-12,1.3,1.0,291.0,0.0,
45267941,Bronx,Morris Heights,40.85003,-73.92281,Private room,102.0,30.0,0.0,,0.0,4.0,364.0,0.0,
661082174673264411,Queens,Jamaica Estates,40.72248,-73.79756,Private room,50.0,30.0,9.0,2025-08-31,0.24,4.0,357.0,2.0,
608609524765569811,Manhattan,Gramercy,40.73453,-73.981,Entire home/apt,395.0,30.0,3.0,2023-12-19,0.09,28.0,305.0,0.0,
31221559,Brooklyn,East Flatbush,40.6453,-73.95114,Private room,40.0,30.0,161.0,2024-05-07,1.96,1.0,170.0,0.0,
3998977,Manhattan,Upper West Side,40.798370794586,-73.96173206059868,Entire home/apt,400.0,30.0,2.0,2023-07-31,0.04,17.0,119.0,0.0,
44416142,Brooklyn,Boerum Hill,40.69008,-73.99213,Entire home/apt,180.0,30.0,68.0,2025-09-06,1.08,2.0,36.0,5.0,
554982535900288676,Brooklyn,Brighton Beach,40.58084080929591,-73.9608587139546,Entire home/apt,185.0,30.0,0.0,,0.0,5.0,364.0,0.0,
1295698600322874906,Manhattan,Upper East Side,40.7660428,-73.95707809999999,Entire home/apt,259.0,30.0,0.0,,0.0,241.0,306.0,0.0,
54245163,Manhattan,Upper East Side,40.76222,-73.96198,Entire home/apt,221.0,30.0,8.0,2025-08-13,0.19,43.0,299.0,1.0,
53971055,Queens,Middle Village,40.72302,-73.88019,Entire home/apt,119.0,30.0,26.0,2025-09-15,0.58,1.0,348.0,3.0,
654402388376149877,Staten Island,Todt Hill,40.60577,-74.09865,Entire home/apt,1400.0,30.0,1.0,2022-08-31,0.03,1.0,358.0,0.0,
763221273695589438,Brooklyn,Williamsburg,40.71466,-73.94139,Entire home/apt,190.0,60.0,0.0,,0.0,1.0,365.0,0.0,
48182605,Brooklyn,Sunset Park,40.65076,-74.00779,Private room,83.0,4.0,118.0,2025-09-01,2.15,1.0,102.0,3.0,OSE-STRREG-0000459
54183564,Manhattan,East Harlem,40.78878,-73.9416,Entire home/apt,90.0,40.0,7.0,2025-06-21,0.16,4.0,210.0,2.0,
691287196886058167,Manhattan,Kips Bay,40.74339,-73.98126,Private room,110.0,30.0,1.0,2023-08-18,0.04,25.0,31.0,0.0,
43126400,Brooklyn,Bushwick,40.69666,-73.91435,Entire home/apt,151.0,30.0,8.0,2024-07-31,0.13,1.0,89.0,0.0,
727393508691090676,Manhattan,Financial District,40.706625,-74.0114241,Entire home/apt,303.0,31.0,0.0,,0.0,1148.0,94.0,0.0,
1163880842243234257,Manhattan,Upper East Side,40.77915,-73.95364,Entire home/apt,708.0,30.0,0.0,,0.0,331.0,363.0,0.0,
1495439758643486276,Brooklyn,Bedford-Stuyvesant,40.69184,-73.95827,Private room,50.0,30.0,0.0,,0.0,86.0,365.0,0.0,
50033203,Manhattan,East Village,40.72874,-73.98353,Entire home/apt,135.0,30.0,4.0,2025-05-01,0.1,1.0,60.0,1.0,
54004046,Manhattan,Midtown,40.74687,-73.98891,Entire home/apt,305.0,1.0,89.0,2025-09-27,2.09,7.0,223.0,45.0,Exempt
985029421339482762,Brooklyn,Brownsville,40.657676,-73.90839509999999,Private room,296.0,3.0,36.0,2025-09-10,1.83,1.0,66.0,19.0,OSE-STRREG-0001523
1418328522866928044,Queens,Flushing,40.76122,-73.8004,Private room,44.0,30.0,0.0,,0.0,9.0,149.0,0.0,
1029849374021573844,Brooklyn,Bedford-Stuyvesant,40.68142,-73.94359,Private room,59.0,30.0,0.0,,0.0,41.0,270.0,0.0,
848110183986168498,Queens,Elmhurst,40.72948289633379,-73.8752668425716,Private room,48.0,30.0,2.0,2025-08-01,0.39,215.0,42.0,2.0,
17925111,Manhattan,Hell's Kitchen,40.76111,-73.99409,Entire home/apt,125.0,30.0,20.0,2025-06-11,0.22,239.0,316.0,5.0,
986267218100121538,Brooklyn,Bergen Beach,40.62382,-73.91349,Private room,133.0,2.0,15.0,2025-09-28,0.9,2.0,240.0,13.0,OSE-STRREG-0002964
950316243638576156,Brooklyn,Fort Greene,40.68778102255385,-73.96898876183512,Private room,250.0,3.0,80.0,2025-09-23,3.1,1.0,129.0,41.0,OSE-STRREG-0000820
12812577,Manhattan,Hell's Kitchen,40.76439031567747,-73.98819235984435,Entire home/apt,800.0,30.0,44.0,2025-09-24,0.4,2.0,329.0,1.0,
46608176,Manhattan,Hell's Kitchen,40.7665,-73.98708,Entire home/apt,1299.0,30.0,22.0,2025-01-20,0.38,1.0,56.0,1.0,
19094459,Manhattan,Upper West Side,40.78906,-73.97169,Entire home/apt,182.0,30.0,19.0,2025-02-23,0.2,1.0,65.0,2.0,
1501289840414499004,Manhattan,East Harlem,40.79193,-73.939,Private room,50.0,30.0,0.0,,0.0,3.0,72.0,0.0,
640550903674715854,Bronx,Claremont Village,40.83642,-73.90973,Entire home/apt,140.0,30.0,68.0,2025-06-21,1.69,1.0,254.0,3.0,
861436290141272191,Brooklyn,Prospect-Lefferts Gardens,40.65783677124629,-73.95166734714165,Private room,53.0,30.0,1.0,2024-04-01,0.05,567.0,365.0,0.0,
1344324475974457666,Brooklyn,Clinton Hill,40.69475,-73.97008,Private room,63.0,30.0,0.0,,0.0,254.0,113.0,0.0,
1008782792044941009,Manhattan,Harlem,40.8158564,-73.9444091,Private room,68.0,30.0,0.0,,0.0,16.0,269.0,0.0,
1249322572045047561,Manhattan,Midtown,40.7556979,-73.9691596,Private room,290.0,1.0,22.0,2025-08-05,1.89,1.0,31.0,22.0,Exempt
1468323963520281770,Manhattan,Midtown,40.7556412831711,-73.982188253825,Entire home/apt,325.0,1.0,7.0,2025-09-28,5.0,8.0,272.0,7.0,Exempt
1116080980495306645,Brooklyn,Bushwick,40.69781,-73.93001,Private room,311.0,1.0,15.0,2025-09-28,2.62,2.0,341.0,15.0,OSE-STRREG-0002890
54355778,Manhattan,Upper West Side,40.79333,-73.96857,Entire home/apt,293.0,30.0,2.0,2022-09-30,0.05,93.0,299.0,0.0,
1289291705269129881,Manhattan,Upper West Side,40.7937747,-73.9751287,Entire home/apt,68.0,30.0,2.0,2025-08-02,0.56,184.0,220.0,2.0,
48846693,Manhattan,Midtown,40.75815,-73.97815,Entire home/apt,416.0,30.0,0.0,,0.0,165.0,339.0,0.0,
1197192193855074712,Brooklyn,Greenpoint,40.73456186090097,-73.95675677567176,Entire home/apt,436.0,30.0,0.0,,0.0,91.0,336.0,0.0,
792250086445040724,Bronx,Allerton,40.86023,-73.85618,Private room,500.0,30.0,0.0,,0.0,1.0,365.0,0.0,
813643267419061734,Manhattan,Midtown,40.76611094466363,-73.98169232445859,Private room,441.0,1.0,5.0,2025-09-30,0.15,11.0,286.0,2.0,Exempt
1127618972927429118,Manhattan,Midtown,40.75519601607686,-73.96246612768478,Entire home/apt,360.0,30.0,1.0,2025-06-01,0.24,10.0,305.0,1.0,
1431669224919785623,Manhattan,Murray Hill,40.7486839,-73.977654,Entire home/apt,503.0,31.0,0.0,,0.0,1148.0,336.0,0.0,
822706296375987906,Brooklyn,Bushwick,40.68613019006054,-73.91419880127215,Private room,165.0,30.0,3.0,2023-06-25,0.1,13.0,364.0,0.0,
46852193,Brooklyn,Sheepshead Bay,40.59924,-73.96201,Entire home/apt,957.0,30.0,0.0,,0.0,1.0,346.0,0.0,
1319022934984304366,Brooklyn,Bedford-Stuyvesant,40.69835026311321,-73.96005407437727,Private room,308.0,1.0,0.0,,0.0,3.0,304.0,0.0,Exempt
1048474395349114502,Brooklyn,Windsor Terrace,40.652671351033554,-73.97481481133013,Entire home/apt,150.0,30.0,4.0,2025-07-16,0.21,1.0,183.0,2.0,
2093304,Brooklyn,Fort Greene,40.69304,-73.97148,Entire home/apt,150.0,120.0,69.0,2025-05-31,0.57,1.0,259.0,1.0,
34980223,Manhattan,Chinatown,40.71841,-73.99585,Entire home/apt,187.0,30.0,8.0,2024-12-23,0.11,2.0,305.0,1.0,
1297857397437720044,Brooklyn,Greenpoint,40.724422095441376,-73.93904238939285,Entire home/apt,165.0,30.0,2.0,2025-03-26,0.25,1.0,50.0,2.0,
1079055928537511033,Queens,Queens Village,40.71221230900252,-73.73736764317253,Entire home/apt,150.0,30.0,1.0,2024-02-29,0.05,2.0,334.0,0.0,
38609434,Brooklyn,East Flatbush,40.64964,-73.92565,Private room,96.0,30.0,1.0,2019-10-15,0.01,1.0,270.0,0.0,
